CohortMonth,0,1,2,3,4,5,6,7,8,9,10,11,12,13,14,15,16,17,18,19,20,21,22,23
2023-01-01,100.0,42.37,66.1,62.71,61.02,52.54,71.19,55.93,74.58,52.54,61.02,62.71,55.93,55.93,42.37,54.24,45.76,32.2,45.76,42.37,45.76,28.81,38.98,44.07
2023-02-01,100.0,46.67,66.67,63.33,65.0,63.33,58.33,60.0,65.0,63.33,53.33,56.67,48.33,46.67,45.0,38.33,43.33,40.0,40.0,33.33,40.0,40.0,38.33,
2023-03-01,100.0,41.94,67.74,59.68,67.74,62.9,61.29,62.9,67.74,53.23,54.84,58.06,51.61,53.23,45.16,43.55,40.32,48.39,32.26,46.77,40.32,41.94,,
2023-04-01,100.0,56.25,65.62,68.75,68.75,64.06,56.25,71.88,68.75,53.12,68.75,54.69,56.25,50.0,54.69,48.44,50.0,48.44,48.44,48.44,56.25,,,
2023-05-01,100.0,45.95,62.16,67.57,67.57,62.16,67.57,66.22,55.41,58.11,52.7,55.41,48.65,47.3,44.59,44.59,44.59,44.59,41.89,40.54,,,,
2023-06-01,100.0,56.25,64.06,68.75,64.06,68.75,64.06,60.94,59.38,67.19,57.81,45.31,46.88,48.44,42.19,48.44,43.75,48.44,50.0,,,,,
2023-07-01,100.0,53.57,58.93,71.43,62.5,69.64,58.93,67.86,58.93,50.0,46.43,41.07,41.07,39.29,37.5,44.64,33.93,42.86,,,,,,
2023-08-01,100.0,50.77,67.69,72.31,55.38,60.0,52.31,60.0,47.69,55.38,43.08,46.15,53.85,40.0,44.62,43.08,55.38,,,,,,,
2023-09-01,100.0,47.06,73.53,61.76,61.76,55.88,55.88,48.53,45.59,45.59,35.29,38.24,32.35,39.71,36.76,39.71,,,,,,,,
2023-10-01,100.0,46.27,62.69,53.73,53.73,56.72,50.75,49.25,41.79,37.31,47.76,40.3,37.31,46.27,43.28,,,,,,,,,
2023-11-01,100.0,30.77,61.54,42.31,65.38,46.15,57.69,38.46,69.23,42.31,42.31,69.23,30.77,61.54,,,,,,,,,,
2023-12-01,100.0,36.96,54.35,63.04,56.52,65.22,47.83,56.52,58.7,58.7,67.39,47.83,56.52,,,,,,,,,,,
2024-01-01,100.0,37.14,60.0,51.43,57.14,57.14,54.29,62.86,54.29,42.86,74.29,37.14,,,,,,,,,,,,
2024-02-01,100.0,33.33,37.5,54.17,37.5,37.5,45.83,45.83,41.67,41.67,50.0,,,,,,,,,,,,,
2024-03-01,100.0,12.5,33.33,54.17,37.5,41.67,33.33,66.67,37.5,37.5,,,,,,,,,,,,,,
2024-04-01,100.0,,47.62,38.1,38.1,52.38,28.57,47.62,28.57,,,,,,,,,,,,,,,
2024-05-01,100.0,10.0,30.0,30.0,50.0,10.0,50.0,10.0,,,,,,,,,,,,,,,,
2024-06-01,100.0,,,,,,,,,,,,,,,,,,,,,,,
2024-07-01,100.0,,,,,,,,,,,,,,,,,,,,,,,
2024-08-01,100.0,,,,,,,,,,,,,,,,,,,,,,,
2024-09-01,100.0,,,,,,,,,,,,,,,,,,,,,,,
2024-10-01,100.0,54.72,26.42,,,,,,,,,,,,,,,,,,,,,
2024-11-01,100.0,38.18,,,,,,,,,,,,,,,,,,,,,,
2024-12-01,100.0,,,,,,,,,,,,,,,,,,,,,,,
