CustomerID,CustomerType
CUST00001,Champion
CUST00002,Champion
CUST00003,Champion
CUST00004,Champion
CUST00005,Champion
CUST00006,Champion
CUST00007,Champion
CUST00008,Champion
CUST00009,Champion
CUST00010,Champion
CUST00011,Champion
CUST00012,Champion
CUST00013,Champion
CUST00014,Champion
CUST00015,Champion
CUST00016,Champion
CUST00017,Champion
CUST00018,Champion
CUST00019,Champion
CUST00020,Champion
CUST00021,Champion
CUST00022,Champion
CUST00023,Champion
CUST00024,Champion
CUST00025,Champion
CUST00026,Champion
CUST00027,Champion
CUST00028,Champion
CUST00029,Champion
CUST00030,Champion
CUST00031,Champion
CUST00032,Champion
CUST00033,Champion
CUST00034,Champion
CUST00035,Champion
CUST00036,Champion
CUST00037,Champion
CUST00038,Champion
CUST00039,Champion
CUST00040,Champion
CUST00041,Champion
CUST00042,Champion
CUST00043,Champion
CUST00044,Champion
CUST00045,Champion
CUST00046,Champion
CUST00047,Champion
CUST00048,Champion
CUST00049,Champion
CUST00050,Champion
CUST00051,Champion
CUST00052,Champion
CUST00053,Champion
CUST00054,Champion
CUST00055,Champion
CUST00056,Champion
CUST00057,Champion
CUST00058,Champion
CUST00059,Champion
CUST00060,Champion
CUST00061,Champion
CUST00062,Champion
CUST00063,Champion
CUST00064,Champion
CUST00065,Champion
CUST00066,Champion
CUST00067,Champion
CUST00068,Champion
CUST00069,Champion
CUST00070,Champion
CUST00071,Champion
CUST00072,Champion
CUST00073,Champion
CUST00074,Champion
CUST00075,Champion
CUST00076,Champion
CUST00077,Champion
CUST00078,Champion
CUST00079,Champion
CUST00080,Champion
CUST00081,Champion
CUST00082,Champion
CUST00083,Champion
CUST00084,Champion
CUST00085,Champion
CUST00086,Champion
CUST00087,Champion
CUST00088,Champion
CUST00089,Champion
CUST00090,Champion
CUST00091,Champion
CUST00092,Champion
CUST00093,Champion
CUST00094,Champion
CUST00095,Champion
CUST00096,Champion
CUST00097,Champion
CUST00098,Champion
CUST00099,Champion
CUST00100,Champion
CUST00101,Loyal
CUST00102,Loyal
CUST00103,Loyal
CUST00104,Loyal
CUST00105,Loyal
CUST00106,Loyal
CUST00107,Loyal
CUST00108,Loyal
CUST00109,Loyal
CUST00110,Loyal
CUST00111,Loyal
CUST00112,Loyal
CUST00113,Loyal
CUST00114,Loyal
CUST00115,Loyal
CUST00116,Loyal
CUST00117,Loyal
CUST00118,Loyal
CUST00119,Loyal
CUST00120,Loyal
CUST00121,Loyal
CUST00122,Loyal
CUST00123,Loyal
CUST00124,Loyal
CUST00125,Loyal
CUST00126,Loyal
CUST00127,Loyal
CUST00128,Loyal
CUST00129,Loyal
CUST00130,Loyal
CUST00131,Loyal
CUST00132,Loyal
CUST00133,Loyal
CUST00134,Loyal
CUST00135,Loyal
CUST00136,Loyal
CUST00137,Loyal
CUST00138,Loyal
CUST00139,Loyal
CUST00140,Loyal
CUST00141,Loyal
CUST00142,Loyal
CUST00143,Loyal
CUST00144,Loyal
CUST00145,Loyal
CUST00146,Loyal
CUST00147,Loyal
CUST00148,Loyal
CUST00149,Loyal
CUST00150,Loyal
CUST00151,Loyal
CUST00152,Loyal
CUST00153,Loyal
CUST00154,Loyal
CUST00155,Loyal
CUST00156,Loyal
CUST00157,Loyal
CUST00158,Loyal
CUST00159,Loyal
CUST00160,Loyal
CUST00161,Loyal
CUST00162,Loyal
CUST00163,Loyal
CUST00164,Loyal
CUST00165,Loyal
CUST00166,Loyal
CUST00167,Loyal
CUST00168,Loyal
CUST00169,Loyal
CUST00170,Loyal
CUST00171,Loyal
CUST00172,Loyal
CUST00173,Loyal
CUST00174,Loyal
CUST00175,Loyal
CUST00176,Loyal
CUST00177,Loyal
CUST00178,Loyal
CUST00179,Loyal
CUST00180,Loyal
CUST00181,Loyal
CUST00182,Loyal
CUST00183,Loyal
CUST00184,Loyal
CUST00185,Loyal
CUST00186,Loyal
CUST00187,Loyal
CUST00188,Loyal
CUST00189,Loyal
CUST00190,Loyal
CUST00191,Loyal
CUST00192,Loyal
CUST00193,Loyal
CUST00194,Loyal
CUST00195,Loyal
CUST00196,Loyal
CUST00197,Loyal
CUST00198,Loyal
CUST00199,Loyal
CUST00200,Loyal
CUST00201,Loyal
CUST00202,Loyal
CUST00203,Loyal
CUST00204,Loyal
CUST00205,Loyal
CUST00206,Loyal
CUST00207,Loyal
CUST00208,Loyal
CUST00209,Loyal
CUST00210,Loyal
CUST00211,Loyal
CUST00212,Loyal
CUST00213,Loyal
CUST00214,Loyal
CUST00215,Loyal
CUST00216,Loyal
CUST00217,Loyal
CUST00218,Loyal
CUST00219,Loyal
CUST00220,Loyal
CUST00221,Loyal
CUST00222,Loyal
CUST00223,Loyal
CUST00224,Loyal
CUST00225,Loyal
CUST00226,Loyal
CUST00227,Loyal
CUST00228,Loyal
CUST00229,Loyal
CUST00230,Loyal
CUST00231,Loyal
CUST00232,Loyal
CUST00233,Loyal
CUST00234,Loyal
CUST00235,Loyal
CUST00236,Loyal
CUST00237,Loyal
CUST00238,Loyal
CUST00239,Loyal
CUST00240,Loyal
CUST00241,Loyal
CUST00242,Loyal
CUST00243,Loyal
CUST00244,Loyal
CUST00245,Loyal
CUST00246,Loyal
CUST00247,Loyal
CUST00248,Loyal
CUST00249,Loyal
CUST00250,Loyal
CUST00251,Loyal
CUST00252,Loyal
CUST00253,Loyal
CUST00254,Loyal
CUST00255,Loyal
CUST00256,Loyal
CUST00257,Loyal
CUST00258,Loyal
CUST00259,Loyal
CUST00260,Loyal
CUST00261,Loyal
CUST00262,Loyal
CUST00263,Loyal
CUST00264,Loyal
CUST00265,Loyal
CUST00266,Loyal
CUST00267,Loyal
CUST00268,Loyal
CUST00269,Loyal
CUST00270,Loyal
CUST00271,Loyal
CUST00272,Loyal
CUST00273,Loyal
CUST00274,Loyal
CUST00275,Loyal
CUST00276,Loyal
CUST00277,Loyal
CUST00278,Loyal
CUST00279,Loyal
CUST00280,Loyal
CUST00281,Loyal
CUST00282,Loyal
CUST00283,Loyal
CUST00284,Loyal
CUST00285,Loyal
CUST00286,Loyal
CUST00287,Loyal
CUST00288,Loyal
CUST00289,Loyal
CUST00290,Loyal
CUST00291,Loyal
CUST00292,Loyal
CUST00293,Loyal
CUST00294,Loyal
CUST00295,Loyal
CUST00296,Loyal
CUST00297,Loyal
CUST00298,Loyal
CUST00299,Loyal
CUST00300,Loyal
CUST00301,Regular
CUST00302,Regular
CUST00303,Regular
CUST00304,Regular
CUST00305,Regular
CUST00306,Regular
CUST00307,Regular
CUST00308,Regular
CUST00309,Regular
CUST00310,Regular
CUST00311,Regular
CUST00312,Regular
CUST00313,Regular
CUST00314,Regular
CUST00315,Regular
CUST00316,Regular
CUST00317,Regular
CUST00318,Regular
CUST00319,Regular
CUST00320,Regular
CUST00321,Regular
CUST00322,Regular
CUST00323,Regular
CUST00324,Regular
CUST00325,Regular
CUST00326,Regular
CUST00327,Regular
CUST00328,Regular
CUST00329,Regular
CUST00330,Regular
CUST00331,Regular
CUST00332,Regular
CUST00333,Regular
CUST00334,Regular
CUST00335,Regular
CUST00336,Regular
CUST00337,Regular
CUST00338,Regular
CUST00339,Regular
CUST00340,Regular
CUST00341,Regular
CUST00342,Regular
CUST00343,Regular
CUST00344,Regular
CUST00345,Regular
CUST00346,Regular
CUST00347,Regular
CUST00348,Regular
CUST00349,Regular
CUST00350,Regular
CUST00351,Regular
CUST00352,Regular
CUST00353,Regular
CUST00354,Regular
CUST00355,Regular
CUST00356,Regular
CUST00357,Regular
CUST00358,Regular
CUST00359,Regular
CUST00360,Regular
CUST00361,Regular
CUST00362,Regular
CUST00363,Regular
CUST00364,Regular
CUST00365,Regular
CUST00366,Regular
CUST00367,Regular
CUST00368,Regular
CUST00369,Regular
CUST00370,Regular
CUST00371,Regular
CUST00372,Regular
CUST00373,Regular
CUST00374,Regular
CUST00375,Regular
CUST00376,Regular
CUST00377,Regular
CUST00378,Regular
CUST00379,Regular
CUST00380,Regular
CUST00381,Regular
CUST00382,Regular
CUST00383,Regular
CUST00384,Regular
CUST00385,Regular
CUST00386,Regular
CUST00387,Regular
CUST00388,Regular
CUST00389,Regular
CUST00390,Regular
CUST00391,Regular
CUST00392,Regular
CUST00393,Regular
CUST00394,Regular
CUST00395,Regular
CUST00396,Regular
CUST00397,Regular
CUST00398,Regular
CUST00399,Regular
CUST00400,Regular
CUST00401,Regular
CUST00402,Regular
CUST00403,Regular
CUST00404,Regular
CUST00405,Regular
CUST00406,Regular
CUST00407,Regular
CUST00408,Regular
CUST00409,Regular
CUST00410,Regular
CUST00411,Regular
CUST00412,Regular
CUST00413,Regular
CUST00414,Regular
CUST00415,Regular
CUST00416,Regular
CUST00417,Regular
CUST00418,Regular
CUST00419,Regular
CUST00420,Regular
CUST00421,Regular
CUST00422,Regular
CUST00423,Regular
CUST00424,Regular
CUST00425,Regular
CUST00426,Regular
CUST00427,Regular
CUST00428,Regular
CUST00429,Regular
CUST00430,Regular
CUST00431,Regular
CUST00432,Regular
CUST00433,Regular
CUST00434,Regular
CUST00435,Regular
CUST00436,Regular
CUST00437,Regular
CUST00438,Regular
CUST00439,Regular
CUST00440,Regular
CUST00441,Regular
CUST00442,Regular
CUST00443,Regular
CUST00444,Regular
CUST00445,Regular
CUST00446,Regular
CUST00447,Regular
CUST00448,Regular
CUST00449,Regular
CUST00450,Regular
CUST00451,Regular
CUST00452,Regular
CUST00453,Regular
CUST00454,Regular
CUST00455,Regular
CUST00456,Regular
CUST00457,Regular
CUST00458,Regular
CUST00459,Regular
CUST00460,Regular
CUST00461,Regular
CUST00462,Regular
CUST00463,Regular
CUST00464,Regular
CUST00465,Regular
CUST00466,Regular
CUST00467,Regular
CUST00468,Regular
CUST00469,Regular
CUST00470,Regular
CUST00471,Regular
CUST00472,Regular
CUST00473,Regular
CUST00474,Regular
CUST00475,Regular
CUST00476,Regular
CUST00477,Regular
CUST00478,Regular
CUST00479,Regular
CUST00480,Regular
CUST00481,Regular
CUST00482,Regular
CUST00483,Regular
CUST00484,Regular
CUST00485,Regular
CUST00486,Regular
CUST00487,Regular
CUST00488,Regular
CUST00489,Regular
CUST00490,Regular
CUST00491,Regular
CUST00492,Regular
CUST00493,Regular
CUST00494,Regular
CUST00495,Regular
CUST00496,Regular
CUST00497,Regular
CUST00498,Regular
CUST00499,Regular
CUST00500,Regular
CUST00501,Regular
CUST00502,Regular
CUST00503,Regular
CUST00504,Regular
CUST00505,Regular
CUST00506,Regular
CUST00507,Regular
CUST00508,Regular
CUST00509,Regular
CUST00510,Regular
CUST00511,Regular
CUST00512,Regular
CUST00513,Regular
CUST00514,Regular
CUST00515,Regular
CUST00516,Regular
CUST00517,Regular
CUST00518,Regular
CUST00519,Regular
CUST00520,Regular
CUST00521,Regular
CUST00522,Regular
CUST00523,Regular
CUST00524,Regular
CUST00525,Regular
CUST00526,Regular
CUST00527,Regular
CUST00528,Regular
CUST00529,Regular
CUST00530,Regular
CUST00531,Regular
CUST00532,Regular
CUST00533,Regular
CUST00534,Regular
CUST00535,Regular
CUST00536,Regular
CUST00537,Regular
CUST00538,Regular
CUST00539,Regular
CUST00540,Regular
CUST00541,Regular
CUST00542,Regular
CUST00543,Regular
CUST00544,Regular
CUST00545,Regular
CUST00546,Regular
CUST00547,Regular
CUST00548,Regular
CUST00549,Regular
CUST00550,Regular
CUST00551,AtRisk
CUST00552,AtRisk
CUST00553,AtRisk
CUST00554,AtRisk
CUST00555,AtRisk
CUST00556,AtRisk
CUST00557,AtRisk
CUST00558,AtRisk
CUST00559,AtRisk
CUST00560,AtRisk
CUST00561,AtRisk
CUST00562,AtRisk
CUST00563,AtRisk
CUST00564,AtRisk
CUST00565,AtRisk
CUST00566,AtRisk
CUST00567,AtRisk
CUST00568,AtRisk
CUST00569,AtRisk
CUST00570,AtRisk
CUST00571,AtRisk
CUST00572,AtRisk
CUST00573,AtRisk
CUST00574,AtRisk
CUST00575,AtRisk
CUST00576,AtRisk
CUST00577,AtRisk
CUST00578,AtRisk
CUST00579,AtRisk
CUST00580,AtRisk
CUST00581,AtRisk
CUST00582,AtRisk
CUST00583,AtRisk
CUST00584,AtRisk
CUST00585,AtRisk
CUST00586,AtRisk
CUST00587,AtRisk
CUST00588,AtRisk
CUST00589,AtRisk
CUST00590,AtRisk
CUST00591,AtRisk
CUST00592,AtRisk
CUST00593,AtRisk
CUST00594,AtRisk
CUST00595,AtRisk
CUST00596,AtRisk
CUST00597,AtRisk
CUST00598,AtRisk
CUST00599,AtRisk
CUST00600,AtRisk
CUST00601,AtRisk
CUST00602,AtRisk
CUST00603,AtRisk
CUST00604,AtRisk
CUST00605,AtRisk
CUST00606,AtRisk
CUST00607,AtRisk
CUST00608,AtRisk
CUST00609,AtRisk
CUST00610,AtRisk
CUST00611,AtRisk
CUST00612,AtRisk
CUST00613,AtRisk
CUST00614,AtRisk
CUST00615,AtRisk
CUST00616,AtRisk
CUST00617,AtRisk
CUST00618,AtRisk
CUST00619,AtRisk
CUST00620,AtRisk
CUST00621,AtRisk
CUST00622,AtRisk
CUST00623,AtRisk
CUST00624,AtRisk
CUST00625,AtRisk
CUST00626,AtRisk
CUST00627,AtRisk
CUST00628,AtRisk
CUST00629,AtRisk
CUST00630,AtRisk
CUST00631,AtRisk
CUST00632,AtRisk
CUST00633,AtRisk
CUST00634,AtRisk
CUST00635,AtRisk
CUST00636,AtRisk
CUST00637,AtRisk
CUST00638,AtRisk
CUST00639,AtRisk
CUST00640,AtRisk
CUST00641,AtRisk
CUST00642,AtRisk
CUST00643,AtRisk
CUST00644,AtRisk
CUST00645,AtRisk
CUST00646,AtRisk
CUST00647,AtRisk
CUST00648,AtRisk
CUST00649,AtRisk
CUST00650,AtRisk
CUST00651,AtRisk
CUST00652,AtRisk
CUST00653,AtRisk
CUST00654,AtRisk
CUST00655,AtRisk
CUST00656,AtRisk
CUST00657,AtRisk
CUST00658,AtRisk
CUST00659,AtRisk
CUST00660,AtRisk
CUST00661,AtRisk
CUST00662,AtRisk
CUST00663,AtRisk
CUST00664,AtRisk
CUST00665,AtRisk
CUST00666,AtRisk
CUST00667,AtRisk
CUST00668,AtRisk
CUST00669,AtRisk
CUST00670,AtRisk
CUST00671,AtRisk
CUST00672,AtRisk
CUST00673,AtRisk
CUST00674,AtRisk
CUST00675,AtRisk
CUST00676,AtRisk
CUST00677,AtRisk
CUST00678,AtRisk
CUST00679,AtRisk
CUST00680,AtRisk
CUST00681,AtRisk
CUST00682,AtRisk
CUST00683,AtRisk
CUST00684,AtRisk
CUST00685,AtRisk
CUST00686,AtRisk
CUST00687,AtRisk
CUST00688,AtRisk
CUST00689,AtRisk
CUST00690,AtRisk
CUST00691,AtRisk
CUST00692,AtRisk
CUST00693,AtRisk
CUST00694,AtRisk
CUST00695,AtRisk
CUST00696,AtRisk
CUST00697,AtRisk
CUST00698,AtRisk
CUST00699,AtRisk
CUST00700,AtRisk
CUST00701,AtRisk
CUST00702,AtRisk
CUST00703,AtRisk
CUST00704,AtRisk
CUST00705,AtRisk
CUST00706,AtRisk
CUST00707,AtRisk
CUST00708,AtRisk
CUST00709,AtRisk
CUST00710,AtRisk
CUST00711,AtRisk
CUST00712,AtRisk
CUST00713,AtRisk
CUST00714,AtRisk
CUST00715,AtRisk
CUST00716,AtRisk
CUST00717,AtRisk
CUST00718,AtRisk
CUST00719,AtRisk
CUST00720,AtRisk
CUST00721,AtRisk
CUST00722,AtRisk
CUST00723,AtRisk
CUST00724,AtRisk
CUST00725,AtRisk
CUST00726,AtRisk
CUST00727,AtRisk
CUST00728,AtRisk
CUST00729,AtRisk
CUST00730,AtRisk
CUST00731,AtRisk
CUST00732,AtRisk
CUST00733,AtRisk
CUST00734,AtRisk
CUST00735,AtRisk
CUST00736,AtRisk
CUST00737,AtRisk
CUST00738,AtRisk
CUST00739,AtRisk
CUST00740,AtRisk
CUST00741,AtRisk
CUST00742,AtRisk
CUST00743,AtRisk
CUST00744,AtRisk
CUST00745,AtRisk
CUST00746,AtRisk
CUST00747,AtRisk
CUST00748,AtRisk
CUST00749,AtRisk
CUST00750,AtRisk
CUST00751,New
CUST00752,New
CUST00753,New
CUST00754,New
CUST00755,New
CUST00756,New
CUST00757,New
CUST00758,New
CUST00759,New
CUST00760,New
CUST00761,New
CUST00762,New
CUST00763,New
CUST00764,New
CUST00765,New
CUST00766,New
CUST00767,New
CUST00768,New
CUST00769,New
CUST00770,New
CUST00771,New
CUST00772,New
CUST00773,New
CUST00774,New
CUST00775,New
CUST00776,New
CUST00777,New
CUST00778,New
CUST00779,New
CUST00780,New
CUST00781,New
CUST00782,New
CUST00783,New
CUST00784,New
CUST00785,New
CUST00786,New
CUST00787,New
CUST00788,New
CUST00789,New
CUST00790,New
CUST00791,New
CUST00792,New
CUST00793,New
CUST00794,New
CUST00795,New
CUST00796,New
CUST00797,New
CUST00798,New
CUST00799,New
CUST00800,New
CUST00801,New
CUST00802,New
CUST00803,New
CUST00804,New
CUST00805,New
CUST00806,New
CUST00807,New
CUST00808,New
CUST00809,New
CUST00810,New
CUST00811,New
CUST00812,New
CUST00813,New
CUST00814,New
CUST00815,New
CUST00816,New
CUST00817,New
CUST00818,New
CUST00819,New
CUST00820,New
CUST00821,New
CUST00822,New
CUST00823,New
CUST00824,New
CUST00825,New
CUST00826,New
CUST00827,New
CUST00828,New
CUST00829,New
CUST00830,New
CUST00831,New
CUST00832,New
CUST00833,New
CUST00834,New
CUST00835,New
CUST00836,New
CUST00837,New
CUST00838,New
CUST00839,New
CUST00840,New
CUST00841,New
CUST00842,New
CUST00843,New
CUST00844,New
CUST00845,New
CUST00846,New
CUST00847,New
CUST00848,New
CUST00849,New
CUST00850,New
CUST00851,New
CUST00852,New
CUST00853,New
CUST00854,New
CUST00855,New
CUST00856,New
CUST00857,New
CUST00858,New
CUST00859,New
CUST00860,New
CUST00861,New
CUST00862,New
CUST00863,New
CUST00864,New
CUST00865,New
CUST00866,New
CUST00867,New
CUST00868,New
CUST00869,New
CUST00870,New
CUST00871,New
CUST00872,New
CUST00873,New
CUST00874,New
CUST00875,New
CUST00876,New
CUST00877,New
CUST00878,New
CUST00879,New
CUST00880,New
CUST00881,New
CUST00882,New
CUST00883,New
CUST00884,New
CUST00885,New
CUST00886,New
CUST00887,New
CUST00888,New
CUST00889,New
CUST00890,New
CUST00891,New
CUST00892,New
CUST00893,New
CUST00894,New
CUST00895,New
CUST00896,New
CUST00897,New
CUST00898,New
CUST00899,New
CUST00900,New
CUST00901,OneTime
CUST00902,OneTime
CUST00903,OneTime
CUST00904,OneTime
CUST00905,OneTime
CUST00906,OneTime
CUST00907,OneTime
CUST00908,OneTime
CUST00909,OneTime
CUST00910,OneTime
CUST00911,OneTime
CUST00912,OneTime
CUST00913,OneTime
CUST00914,OneTime
CUST00915,OneTime
CUST00916,OneTime
CUST00917,OneTime
CUST00918,OneTime
CUST00919,OneTime
CUST00920,OneTime
CUST00921,OneTime
CUST00922,OneTime
CUST00923,OneTime
CUST00924,OneTime
CUST00925,OneTime
CUST00926,OneTime
CUST00927,OneTime
CUST00928,OneTime
CUST00929,OneTime
CUST00930,OneTime
CUST00931,OneTime
CUST00932,OneTime
CUST00933,OneTime
CUST00934,OneTime
CUST00935,OneTime
CUST00936,OneTime
CUST00937,OneTime
CUST00938,OneTime
CUST00939,OneTime
CUST00940,OneTime
CUST00941,OneTime
CUST00942,OneTime
CUST00943,OneTime
CUST00944,OneTime
CUST00945,OneTime
CUST00946,OneTime
CUST00947,OneTime
CUST00948,OneTime
CUST00949,OneTime
CUST00950,OneTime
CUST00951,OneTime
CUST00952,OneTime
CUST00953,OneTime
CUST00954,OneTime
CUST00955,OneTime
CUST00956,OneTime
CUST00957,OneTime
CUST00958,OneTime
CUST00959,OneTime
CUST00960,OneTime
CUST00961,OneTime
CUST00962,OneTime
CUST00963,OneTime
CUST00964,OneTime
CUST00965,OneTime
CUST00966,OneTime
CUST00967,OneTime
CUST00968,OneTime
CUST00969,OneTime
CUST00970,OneTime
CUST00971,OneTime
CUST00972,OneTime
CUST00973,OneTime
CUST00974,OneTime
CUST00975,OneTime
CUST00976,OneTime
CUST00977,OneTime
CUST00978,OneTime
CUST00979,OneTime
CUST00980,OneTime
CUST00981,OneTime
CUST00982,OneTime
CUST00983,OneTime
CUST00984,OneTime
CUST00985,OneTime
CUST00986,OneTime
CUST00987,OneTime
CUST00988,OneTime
CUST00989,OneTime
CUST00990,OneTime
CUST00991,OneTime
CUST00992,OneTime
CUST00993,OneTime
CUST00994,OneTime
CUST00995,OneTime
CUST00996,OneTime
CUST00997,OneTime
CUST00998,OneTime
CUST00999,OneTime
CUST01000,OneTime
