CustomerID,FirstPurchase,LastPurchase,Frequency,Monetary,Recency,Churned,R_Score,F_Score,M_Score,Segment
CUST00001,2023-02-27,2024-12-28,28,73593.14,3,0,5,5,5,Champions
CUST00002,2023-07-06,2024-12-03,20,51680.87,28,0,3,5,5,Loyal Customers
CUST00003,2023-07-24,2024-12-03,22,67799.26,28,0,3,5,5,Loyal Customers
CUST00004,2023-01-01,2024-12-20,28,78290.33,11,0,5,5,5,Champions
CUST00005,2023-08-31,2024-12-04,20,55667.45,27,0,3,5,5,Loyal Customers
CUST00006,2023-05-27,2024-12-10,22,51351.05,21,0,4,5,5,Champions
CUST00007,2023-02-07,2024-12-14,29,80907.03,17,0,4,5,5,Champions
CUST00008,2023-08-09,2024-12-16,23,70547.01,15,0,4,5,5,Champions
CUST00009,2023-06-19,2024-12-05,24,68473.20999999999,26,0,4,5,5,Champions
CUST00010,2023-06-14,2024-12-06,23,70239.41,25,0,4,5,5,Champions
CUST00011,2023-06-12,2024-12-19,24,73796.14,12,0,5,5,5,Champions
CUST00012,2023-07-19,2024-12-25,22,60485.67,6,0,5,5,5,Champions
CUST00013,2023-01-21,2024-12-18,29,88351.55,13,0,5,5,5,Champions
CUST00014,2023-08-12,2024-12-18,20,60941.79,13,0,5,5,5,Champions
CUST00015,2023-05-05,2024-12-30,24,65350.4,1,0,5,5,5,Champions
CUST00016,2023-05-10,2024-12-27,26,76476.66,4,0,5,5,5,Champions
CUST00017,2023-04-12,2024-12-20,24,68791.43,11,0,5,5,5,Champions
CUST00018,2023-06-14,2024-12-17,23,62627.29,14,0,4,5,5,Champions
CUST00019,2023-03-20,2024-12-10,25,78316.1,21,0,4,5,5,Champions
CUST00020,2023-01-19,2024-11-29,30,88676.55,32,0,3,5,5,Loyal Customers
CUST00021,2023-03-15,2024-12-24,25,76717.64,7,0,5,5,5,Champions
CUST00022,2023-10-24,2024-12-26,18,56531.0,5,0,5,5,5,Champions
CUST00023,2023-05-15,2024-12-31,24,66216.53,0,0,5,5,5,Champions
CUST00024,2023-07-03,2024-12-18,24,65717.08,13,0,5,5,5,Champions
CUST00025,2023-09-20,2024-12-08,18,49071.19,23,0,4,5,5,Champions
CUST00026,2023-10-10,2024-12-14,19,54234.11,17,0,4,5,5,Champions
CUST00027,2023-04-25,2024-12-16,24,69121.19,15,0,4,5,5,Champions
CUST00028,2023-09-06,2024-12-24,20,52981.62,7,0,5,5,5,Champions
CUST00029,2023-08-02,2024-12-01,19,40051.16,30,0,3,5,5,Loyal Customers
CUST00030,2023-09-10,2024-12-18,18,48780.35,13,0,5,5,5,Champions
CUST00031,2023-09-01,2024-12-27,21,60990.78,4,0,5,5,5,Champions
CUST00032,2023-03-07,2024-12-06,26,77709.52,25,0,4,5,5,Champions
CUST00033,2023-05-25,2024-12-12,22,63633.68,19,0,4,5,5,Champions
CUST00034,2023-03-13,2024-11-30,28,78109.18,31,0,3,5,5,Loyal Customers
CUST00035,2023-06-20,2024-12-25,23,63427.46,6,0,5,5,5,Champions
CUST00036,2023-08-09,2024-12-16,21,60563.1,15,0,4,5,5,Champions
CUST00037,2023-08-16,2024-12-27,21,62816.4,4,0,5,5,5,Champions
CUST00038,2023-04-13,2024-12-16,26,74466.5,15,0,4,5,5,Champions
CUST00039,2023-10-25,2024-12-04,15,39042.94,27,0,3,5,5,Loyal Customers
CUST00040,2023-08-26,2024-12-14,20,60711.2,17,0,4,5,5,Champions
CUST00041,2023-04-21,2024-12-28,25,67694.76,3,0,5,5,5,Champions
CUST00042,2023-06-13,2024-12-23,22,58778.43,8,0,5,5,5,Champions
CUST00043,2023-08-30,2024-12-31,20,69521.41,0,0,5,5,5,Champions
CUST00044,2023-06-26,2024-12-20,22,56479.64,11,0,5,5,5,Champions
CUST00045,2023-10-21,2024-12-16,19,59516.7,15,0,4,5,5,Champions
CUST00046,2023-04-09,2024-12-22,25,70141.8,9,0,5,5,5,Champions
CUST00047,2023-05-07,2024-12-15,25,73888.04,16,0,4,5,5,Champions
CUST00048,2023-01-17,2024-12-17,30,84661.73,14,0,4,5,5,Champions
CUST00049,2023-05-02,2024-11-28,24,68860.74,33,0,3,5,5,Loyal Customers
CUST00050,2023-01-21,2024-12-13,28,86953.61,18,0,4,5,5,Champions
CUST00051,2023-09-13,2024-12-07,18,51115.46,24,0,4,5,5,Champions
CUST00052,2023-10-10,2024-12-20,20,52254.07,11,0,5,5,5,Champions
CUST00053,2023-06-19,2024-12-23,24,73351.41,8,0,5,5,5,Champions
CUST00054,2023-09-09,2024-12-07,19,46813.89,24,0,4,5,5,Champions
CUST00055,2023-01-07,2024-12-20,29,83776.57,11,0,5,5,5,Champions
CUST00056,2023-04-13,2024-12-06,24,70443.55,25,0,4,5,5,Champions
CUST00057,2023-02-24,2024-12-02,27,68502.33,29,0,3,5,5,Loyal Customers
CUST00058,2023-04-12,2024-12-13,24,63284.020000000004,18,0,4,5,5,Champions
CUST00059,2023-10-12,2024-12-30,18,50409.69,1,0,5,5,5,Champions
CUST00060,2023-10-06,2024-12-24,19,58796.03,7,0,5,5,5,Champions
CUST00061,2023-05-29,2024-12-09,23,71576.6,22,0,4,5,5,Champions
CUST00062,2023-06-22,2024-12-20,24,64250.99,11,0,5,5,5,Champions
CUST00063,2023-02-06,2024-12-24,29,84555.92,7,0,5,5,5,Champions
CUST00064,2023-02-06,2024-12-12,29,79264.14,19,0,4,5,5,Champions
CUST00065,2023-09-12,2024-12-18,21,54197.26,13,0,5,5,5,Champions
CUST00066,2023-08-03,2024-12-08,20,54855.12,23,0,4,5,5,Champions
CUST00067,2023-06-27,2024-12-28,24,67434.56,3,0,5,5,5,Champions
CUST00068,2023-03-26,2024-12-13,27,71558.65,18,0,4,5,5,Champions
CUST00069,2023-02-17,2024-12-31,27,71944.64,0,0,5,5,5,Champions
CUST00070,2023-04-30,2024-12-13,26,77737.9,18,0,4,5,5,Champions
CUST00071,2023-10-28,2024-12-04,16,45164.03,27,0,3,5,5,Loyal Customers
CUST00072,2023-02-23,2024-12-10,29,83223.25,21,0,4,5,5,Champions
CUST00073,2023-03-22,2024-12-18,26,65391.62,13,0,5,5,5,Champions
CUST00074,2023-02-13,2024-12-15,26,68796.93,16,0,4,5,5,Champions
CUST00075,2023-03-17,2024-12-29,27,85605.62,2,0,5,5,5,Champions
CUST00076,2023-09-21,2024-12-23,20,59113.54,8,0,5,5,5,Champions
CUST00077,2023-04-24,2024-12-06,24,69901.18,25,0,4,5,5,Champions
CUST00078,2023-07-26,2024-12-11,21,66043.41,20,0,4,5,5,Champions
CUST00079,2023-05-31,2024-12-09,24,61646.86,22,0,4,5,5,Champions
CUST00080,2023-09-29,2024-12-26,20,54646.619999999995,5,0,5,5,5,Champions
CUST00081,2023-05-11,2024-12-19,23,69155.66,12,0,5,5,5,Champions
CUST00082,2023-09-04,2024-12-18,22,59366.86,13,0,5,5,5,Champions
CUST00083,2023-05-20,2024-12-26,23,68047.79000000001,5,0,5,5,5,Champions
CUST00084,2023-01-28,2024-12-07,27,77302.27,24,0,4,5,5,Champions
CUST00085,2023-05-30,2024-12-05,24,75395.76,26,0,4,5,5,Champions
CUST00086,2023-08-03,2024-12-30,20,66453.64,1,0,5,5,5,Champions
CUST00087,2023-02-24,2024-12-16,28,75888.89,15,0,4,5,5,Champions
CUST00088,2023-05-23,2024-12-21,23,63895.520000000004,10,0,5,5,5,Champions
CUST00089,2023-05-05,2024-12-08,24,65437.85,23,0,4,5,5,Champions
CUST00090,2023-07-27,2024-12-24,21,53227.0,7,0,5,5,5,Champions
CUST00091,2023-02-13,2024-12-19,27,73966.61,12,0,5,5,5,Champions
CUST00092,2023-08-17,2024-12-26,20,57201.36,5,0,5,5,5,Champions
CUST00093,2023-07-06,2024-11-28,21,63674.79,33,0,3,5,5,Loyal Customers
CUST00094,2023-07-13,2024-12-17,22,60900.14,14,0,4,5,5,Champions
CUST00095,2023-09-20,2024-12-24,19,54191.34,7,0,5,5,5,Champions
CUST00096,2023-08-03,2024-12-22,20,53760.28,9,0,5,5,5,Champions
CUST00097,2023-10-23,2024-12-19,16,43934.17,12,0,5,5,5,Champions
CUST00098,2023-04-28,2024-12-13,24,63054.04,18,0,4,5,5,Champions
CUST00099,2023-02-14,2024-12-27,27,83463.31,4,0,5,5,5,Champions
CUST00100,2023-06-30,2024-12-19,23,61576.25,12,0,5,5,5,Champions
CUST00101,2024-01-20,2024-12-19,10,15461.4,12,0,5,4,4,Champions
CUST00102,2023-10-25,2024-11-29,12,16633.58,32,0,3,4,4,Loyal Customers
CUST00103,2023-02-21,2024-12-25,18,26371.86,6,0,5,5,5,Champions
CUST00104,2023-07-04,2024-12-26,14,21550.06,5,0,5,4,5,Champions
CUST00105,2023-03-27,2024-12-06,16,22381.41,25,0,4,5,5,Champions
CUST00106,2024-01-16,2024-12-31,11,16003.39,0,0,5,4,4,Champions
CUST00107,2024-01-13,2024-11-13,9,14345.33,48,0,2,3,4,At Risk
CUST00108,2023-12-24,2024-12-27,10,14879.880000000001,4,0,5,4,4,Champions
CUST00109,2023-01-06,2024-11-30,18,24684.97,31,0,3,5,5,Loyal Customers
CUST00110,2023-12-22,2024-12-10,11,14154.4,21,0,4,4,4,Champions
CUST00111,2023-05-25,2024-12-02,16,22454.01,29,0,3,5,5,Loyal Customers
CUST00112,2024-01-01,2024-11-23,9,14332.25,38,0,3,3,4,Loyal Customers
CUST00113,2024-01-08,2024-12-27,10,13258.94,4,0,5,4,4,Champions
CUST00114,2023-05-05,2024-12-06,15,20333.85,25,0,4,5,5,Champions
CUST00115,2023-08-13,2024-11-26,13,19610.35,35,0,3,4,4,Loyal Customers
CUST00116,2023-06-01,2024-12-15,15,24048.15,16,0,4,5,5,Champions
CUST00117,2023-02-04,2024-12-11,17,21983.22,20,0,4,5,5,Champions
CUST00118,2023-07-08,2024-12-08,15,22629.760000000002,23,0,4,5,5,Champions
CUST00119,2023-12-07,2024-12-03,11,17881.12,28,0,3,4,4,Loyal Customers
CUST00120,2023-11-08,2024-11-14,9,10610.97,47,0,3,3,4,Loyal Customers
CUST00121,2023-06-04,2024-11-23,15,19272.23,38,0,3,5,4,Loyal Customers
CUST00122,2023-06-16,2024-12-06,14,21864.88,25,0,4,4,5,Champions
CUST00123,2023-01-06,2024-12-18,20,28268.08,13,0,5,5,5,Champions
CUST00124,2023-04-11,2024-12-05,17,26231.85,26,0,4,5,5,Champions
CUST00125,2023-02-13,2024-11-24,18,24889.44,37,0,3,5,5,Loyal Customers
CUST00126,2023-05-19,2024-12-31,15,21098.260000000002,0,0,5,5,5,Champions
CUST00127,2023-05-07,2024-11-11,15,21622.45,50,0,2,5,5,Can't Lose Them
CUST00128,2023-12-14,2024-11-15,10,14576.05,46,0,3,4,4,Loyal Customers
CUST00129,2023-12-28,2024-11-28,9,14794.810000000001,33,0,3,3,4,Loyal Customers
CUST00130,2023-01-16,2024-12-04,18,29050.04,27,0,3,5,5,Loyal Customers
CUST00131,2023-09-09,2024-12-25,13,19960.6,6,0,5,4,5,Champions
CUST00132,2023-11-08,2024-12-16,11,17286.22,15,0,4,4,4,Champions
CUST00133,2023-10-13,2024-12-20,12,16090.67,11,0,5,4,4,Champions
CUST00134,2023-10-27,2024-11-20,10,14888.1,41,0,3,4,4,Loyal Customers
CUST00135,2023-03-05,2024-12-07,17,24554.08,24,0,4,5,5,Champions
CUST00136,2023-04-14,2024-12-19,17,22447.53,12,0,5,5,5,Champions
CUST00137,2023-06-02,2024-12-12,15,21381.29,19,0,4,5,5,Champions
CUST00138,2023-12-22,2024-11-24,10,15715.67,37,0,3,4,4,Loyal Customers
CUST00139,2023-06-12,2024-12-05,15,22432.489999999998,26,0,4,5,5,Champions
CUST00140,2023-04-19,2024-12-06,16,21108.19,25,0,4,5,5,Champions
CUST00141,2023-06-21,2024-12-28,15,23557.8,3,0,5,5,5,Champions
CUST00142,2024-02-05,2024-12-29,9,12256.48,2,0,5,3,4,Loyal Customers
CUST00143,2023-04-14,2024-12-26,17,25762.97,5,0,5,5,5,Champions
CUST00144,2023-01-24,2024-12-26,20,26050.83,5,0,5,5,5,Champions
CUST00145,2023-12-12,2024-11-14,9,12828.9,47,0,2,3,4,At Risk
CUST00146,2023-10-01,2024-12-12,12,18806.4,19,0,4,4,4,Champions
CUST00147,2023-12-07,2024-12-14,10,13755.22,17,0,4,4,4,Champions
CUST00148,2023-10-12,2024-12-31,12,18069.32,0,0,5,4,4,Champions
CUST00149,2024-01-14,2024-11-23,10,15503.6,38,0,3,4,4,Loyal Customers
CUST00150,2023-12-05,2024-12-13,10,13590.1,18,0,4,4,4,Champions
CUST00151,2023-12-14,2024-11-22,10,16779.09,39,0,3,4,4,Loyal Customers
CUST00152,2023-07-03,2024-11-30,15,20724.989999999998,31,0,3,5,5,Loyal Customers
CUST00153,2023-09-07,2024-12-03,12,16735.27,28,0,3,4,4,Loyal Customers
CUST00154,2023-12-31,2024-12-09,9,13812.82,22,0,4,3,4,Loyal Customers
CUST00155,2023-05-24,2024-12-09,15,22337.95,22,0,4,5,5,Champions
CUST00156,2023-12-22,2024-12-08,10,13361.369999999999,23,0,4,4,4,Champions
CUST00157,2023-05-23,2024-12-12,15,21592.44,19,0,4,5,5,Champions
CUST00158,2023-07-16,2024-12-05,14,20510.95,26,0,4,4,5,Champions
CUST00159,2023-08-18,2024-12-20,13,21593.11,11,0,5,4,5,Champions
CUST00160,2023-04-10,2024-11-13,17,22851.57,48,0,2,5,5,Can't Lose Them
CUST00161,2023-11-28,2024-12-28,11,16719.21,3,0,5,4,4,Champions
CUST00162,2023-07-15,2024-12-09,14,17703.59,22,0,4,4,4,Champions
CUST00163,2023-09-12,2024-12-09,13,19136.74,22,0,4,4,4,Champions
CUST00164,2023-03-04,2024-12-02,16,23263.59,29,0,3,5,5,Loyal Customers
CUST00165,2023-04-08,2024-12-16,16,23362.8,15,0,4,5,5,Champions
CUST00166,2023-02-06,2024-12-13,20,27869.6,18,0,4,5,5,Champions
CUST00167,2023-04-20,2024-11-16,17,24342.96,45,0,3,5,5,Loyal Customers
CUST00168,2023-03-06,2024-12-15,17,23999.01,16,0,4,5,5,Champions
CUST00169,2023-02-27,2024-11-30,18,25549.96,31,0,3,5,5,Loyal Customers
CUST00170,2024-02-03,2024-12-08,9,10944.109999999999,23,0,4,3,4,Loyal Customers
CUST00171,2023-03-11,2024-12-29,18,26510.8,2,0,5,5,5,Champions
CUST00172,2024-01-09,2024-12-22,10,14118.57,9,0,5,4,4,Champions
CUST00173,2023-07-21,2024-12-01,14,18466.78,30,0,3,4,4,Loyal Customers
CUST00174,2023-12-27,2024-12-25,9,12653.58,6,0,5,3,4,Loyal Customers
CUST00175,2023-10-22,2024-11-19,11,17087.93,42,0,3,4,4,Loyal Customers
CUST00176,2024-02-01,2024-12-14,9,13394.44,17,0,4,3,4,Loyal Customers
CUST00177,2023-05-22,2024-12-15,15,22292.43,16,0,4,5,5,Champions
CUST00178,2023-02-27,2024-11-24,17,24415.52,37,0,3,5,5,Loyal Customers
CUST00179,2023-08-23,2024-12-09,13,21900.37,22,0,4,4,5,Champions
CUST00180,2023-03-24,2024-12-18,18,25453.69,13,0,5,5,5,Champions
CUST00181,2024-01-22,2024-12-10,9,13741.720000000001,21,0,4,3,4,Loyal Customers
CUST00182,2023-04-23,2024-12-26,17,24542.97,5,0,5,5,5,Champions
CUST00183,2023-06-07,2024-12-26,16,26635.87,5,0,5,5,5,Champions
CUST00184,2023-05-20,2024-11-26,14,19039.67,35,0,3,5,4,Loyal Customers
CUST00185,2023-05-28,2024-12-09,16,25957.72,22,0,4,5,5,Champions
CUST00186,2023-03-25,2024-12-05,16,21605.08,26,0,4,5,5,Champions
CUST00187,2023-05-25,2024-11-27,14,21194.59,34,0,3,5,5,Loyal Customers
CUST00188,2023-06-09,2024-12-17,16,23719.66,14,0,4,5,5,Champions
CUST00189,2023-12-04,2024-11-20,10,11977.13,41,0,3,4,4,Loyal Customers
CUST00190,2023-05-23,2024-11-20,14,22470.2,41,0,3,5,5,Loyal Customers
CUST00191,2023-10-29,2024-12-17,12,16828.31,14,0,4,4,4,Champions
CUST00192,2023-05-26,2024-12-06,14,18317.77,25,0,4,5,4,Champions
CUST00193,2023-02-22,2024-12-23,17,25106.81,8,0,5,5,5,Champions
CUST00194,2023-09-12,2024-12-07,12,15503.48,24,0,4,4,4,Champions
CUST00195,2023-09-12,2024-12-05,13,19496.99,26,0,3,4,4,Loyal Customers
CUST00196,2023-06-09,2024-12-03,14,21366.79,28,0,3,5,5,Loyal Customers
CUST00197,2024-01-15,2024-11-14,9,13484.0,47,0,2,3,4,At Risk
CUST00198,2023-06-06,2024-12-10,15,21009.62,21,0,4,5,5,Champions
CUST00199,2023-07-06,2024-12-23,15,21924.93,8,0,5,5,5,Champions
CUST00200,2023-09-16,2024-12-10,12,16953.5,21,0,4,4,4,Champions
CUST00201,2023-09-30,2024-11-16,11,17313.42,45,0,3,4,4,Loyal Customers
CUST00202,2023-07-31,2024-11-23,14,16873.26,38,0,3,5,4,Loyal Customers
CUST00203,2023-01-22,2024-12-17,19,31689.95,14,0,4,5,5,Champions
CUST00204,2024-01-13,2024-12-18,9,13970.33,13,0,5,3,4,Loyal Customers
CUST00205,2023-10-07,2024-11-26,10,13655.25,35,0,3,4,4,Loyal Customers
CUST00206,2023-12-10,2024-12-12,9,14057.49,19,0,4,3,4,Loyal Customers
CUST00207,2023-06-04,2024-12-26,14,19368.77,5,0,5,5,4,Champions
CUST00208,2023-12-24,2024-12-03,10,13649.93,28,0,3,4,4,Loyal Customers
CUST00209,2023-10-22,2024-12-03,11,16781.14,28,0,3,4,4,Loyal Customers
CUST00210,2023-02-13,2024-11-25,17,24528.89,36,0,3,5,5,Loyal Customers
CUST00211,2023-12-11,2024-12-16,11,18127.77,15,0,4,4,4,Champions
CUST00212,2023-05-29,2024-12-08,15,23154.920000000002,23,0,4,5,5,Champions
CUST00213,2023-11-03,2024-12-17,12,16640.52,14,0,4,4,4,Champions
CUST00214,2023-05-14,2024-12-21,15,24873.37,10,0,5,5,5,Champions
CUST00215,2023-01-28,2024-12-16,19,25637.94,15,0,4,5,5,Champions
CUST00216,2023-09-13,2024-12-12,13,18080.489999999998,19,0,4,4,4,Champions
CUST00217,2023-08-20,2024-12-16,12,16419.45,15,0,4,4,4,Champions
CUST00218,2023-04-17,2024-11-28,15,20981.0,33,0,3,5,5,Loyal Customers
CUST00219,2023-04-06,2024-12-12,17,24334.14,19,0,4,5,5,Champions
CUST00220,2023-07-31,2024-12-13,14,20326.31,18,0,4,5,5,Champions
CUST00221,2023-04-06,2024-12-07,16,22679.43,24,0,4,5,5,Champions
CUST00222,2023-04-08,2024-12-07,18,26606.18,24,0,4,5,5,Champions
CUST00223,2023-11-19,2024-12-10,10,17384.49,21,0,4,4,4,Champions
CUST00224,2023-02-01,2024-11-26,17,24975.06,35,0,3,5,5,Loyal Customers
CUST00225,2023-08-02,2024-12-13,15,23693.96,18,0,4,5,5,Champions
CUST00226,2023-03-31,2024-12-17,15,20474.92,14,0,4,5,5,Champions
CUST00227,2023-02-26,2024-12-12,18,30721.64,19,0,4,5,5,Champions
CUST00228,2023-03-29,2024-11-29,16,22390.04,32,0,3,5,5,Loyal Customers
CUST00229,2023-03-26,2024-12-14,16,27114.74,17,0,4,5,5,Champions
CUST00230,2023-10-06,2024-11-26,11,17942.32,35,0,3,4,4,Loyal Customers
CUST00231,2023-10-10,2024-12-28,12,16948.06,3,0,5,4,4,Champions
CUST00232,2023-08-18,2024-12-23,12,18077.8,8,0,5,4,4,Champions
CUST00233,2023-05-07,2024-11-22,15,19841.59,39,0,3,5,4,Loyal Customers
CUST00234,2023-09-08,2024-12-20,13,19892.13,11,0,5,4,4,Champions
CUST00235,2023-01-21,2024-12-26,18,23950.690000000002,5,0,5,5,5,Champions
CUST00236,2023-08-24,2024-12-20,13,20335.19,11,0,5,4,5,Champions
CUST00237,2023-10-15,2024-11-27,11,15594.17,34,0,3,4,4,Loyal Customers
CUST00238,2023-12-28,2024-12-23,11,14917.73,8,0,5,4,4,Champions
CUST00239,2023-03-15,2024-11-20,17,22997.64,41,0,3,5,5,Loyal Customers
CUST00240,2023-07-28,2024-12-22,15,22992.9,9,0,5,5,5,Champions
CUST00241,2023-01-22,2024-12-29,19,29387.16,2,0,5,5,5,Champions
CUST00242,2023-11-22,2024-12-21,11,13550.13,10,0,5,4,4,Champions
CUST00243,2023-12-27,2024-12-10,9,12904.94,21,0,4,3,4,Loyal Customers
CUST00244,2024-01-29,2024-11-24,9,12389.779999999999,37,0,3,3,4,Loyal Customers
CUST00245,2023-04-24,2024-12-13,16,22954.07,18,0,4,5,5,Champions
CUST00246,2023-09-25,2024-12-02,11,16307.880000000001,29,0,3,4,4,Loyal Customers
CUST00247,2023-03-04,2024-11-24,18,27813.77,37,0,3,5,5,Loyal Customers
CUST00248,2023-06-21,2024-11-10,14,20857.62,51,0,2,5,5,Can't Lose Them
CUST00249,2023-08-15,2024-12-10,13,18107.03,21,0,4,4,4,Champions
CUST00250,2024-02-05,2024-11-28,9,10361.27,33,0,3,3,4,Loyal Customers
CUST00251,2023-08-16,2024-12-15,14,19457.93,16,0,4,5,4,Champions
CUST00252,2023-01-28,2024-12-09,18,27820.670000000002,22,0,4,5,5,Champions
CUST00253,2023-06-19,2024-12-25,16,19547.35,6,0,5,5,4,Champions
CUST00254,2023-01-11,2024-12-20,19,28734.95,11,0,5,5,5,Champions
CUST00255,2023-06-17,2024-12-02,13,18322.17,29,0,3,4,4,Loyal Customers
CUST00256,2023-12-22,2024-11-27,10,14791.16,34,0,3,4,4,Loyal Customers
CUST00257,2023-07-11,2024-12-31,16,22602.12,0,0,5,5,5,Champions
CUST00258,2023-04-27,2024-12-27,16,25695.27,4,0,5,5,5,Champions
CUST00259,2023-08-30,2024-12-31,13,22053.09,0,0,5,4,5,Champions
CUST00260,2023-01-16,2024-12-12,18,28982.65,19,0,4,5,5,Champions
CUST00261,2023-04-07,2024-12-05,19,24450.260000000002,26,0,3,5,5,Loyal Customers
CUST00262,2023-04-16,2024-11-29,15,20245.670000000002,32,0,3,5,5,Loyal Customers
CUST00263,2023-08-22,2024-12-14,13,20809.399999999998,17,0,4,4,5,Champions
CUST00264,2023-05-30,2024-12-30,15,21021.87,1,0,5,5,5,Champions
CUST00265,2023-01-06,2024-12-05,18,24224.93,26,0,3,5,5,Loyal Customers
CUST00266,2023-08-15,2024-12-13,14,20034.85,18,0,4,5,5,Champions
CUST00267,2023-04-23,2024-12-08,16,21901.170000000002,23,0,4,5,5,Champions
CUST00268,2023-11-16,2024-12-27,11,18548.11,4,0,5,4,4,Champions
CUST00269,2023-12-22,2024-12-12,10,14970.630000000001,19,0,4,4,4,Champions
CUST00270,2024-01-24,2024-11-09,9,11680.31,52,0,2,3,4,At Risk
CUST00271,2023-08-16,2024-12-06,12,17199.53,25,0,4,4,4,Champions
CUST00272,2024-01-04,2024-12-08,8,9610.79,23,0,4,3,4,Loyal Customers
CUST00273,2023-03-30,2024-12-03,17,23972.32,28,0,3,5,5,Loyal Customers
CUST00274,2023-09-04,2024-12-01,13,16478.76,30,0,3,4,4,Loyal Customers
CUST00275,2024-01-09,2024-11-20,8,10078.53,41,0,3,3,4,Loyal Customers
CUST00276,2023-10-17,2024-12-30,11,15375.1,1,0,5,4,4,Champions
CUST00277,2023-12-13,2024-12-18,10,14801.43,13,0,5,4,4,Champions
CUST00278,2023-02-11,2024-12-02,18,30110.2,29,0,3,5,5,Loyal Customers
CUST00279,2023-08-02,2024-11-26,12,15562.59,35,0,3,4,4,Loyal Customers
CUST00280,2023-02-25,2024-12-30,18,24490.43,1,0,5,5,5,Champions
CUST00281,2023-05-03,2024-11-26,14,22488.97,35,0,3,5,5,Loyal Customers
CUST00282,2023-07-31,2024-11-17,12,19667.4,44,0,3,4,4,Loyal Customers
CUST00283,2023-12-25,2024-12-12,9,13097.35,19,0,4,3,4,Loyal Customers
CUST00284,2023-08-28,2024-12-30,13,19663.97,1,0,5,4,4,Champions
CUST00285,2023-12-07,2024-11-30,10,15988.36,31,0,3,4,4,Loyal Customers
CUST00286,2023-10-15,2024-12-10,12,18068.04,21,0,4,4,4,Champions
CUST00287,2023-07-18,2024-12-16,13,19128.23,15,0,4,4,4,Champions
CUST00288,2023-12-26,2024-12-20,10,13915.42,11,0,5,4,4,Champions
CUST00289,2023-04-26,2024-12-08,16,26544.2,23,0,4,5,5,Champions
CUST00290,2023-01-28,2024-12-20,19,27092.19,11,0,5,5,5,Champions
CUST00291,2023-11-18,2024-12-16,10,14729.07,15,0,4,4,4,Champions
CUST00292,2023-11-20,2024-12-29,11,15935.17,2,0,5,4,4,Champions
CUST00293,2023-10-20,2024-12-28,11,16650.89,3,0,5,4,4,Champions
CUST00294,2024-01-21,2024-12-02,9,11865.52,29,0,3,3,4,Loyal Customers
CUST00295,2023-01-18,2024-11-27,18,27251.39,34,0,3,5,5,Loyal Customers
CUST00296,2023-03-10,2024-12-14,18,24927.84,17,0,4,5,5,Champions
CUST00297,2023-08-11,2024-12-19,14,19875.010000000002,12,0,5,5,4,Champions
CUST00298,2023-06-06,2024-12-31,15,23487.53,0,0,5,5,5,Champions
CUST00299,2023-03-06,2024-12-27,16,25379.27,4,0,5,5,5,Champions
CUST00300,2023-11-21,2024-12-03,11,16396.22,28,0,3,4,4,Loyal Customers
CUST00301,2023-09-30,2024-12-18,7,6138.78,13,0,5,3,2,Loyal Customers
CUST00302,2023-12-17,2024-11-14,6,5670.1,47,0,2,2,2,Hibernating / Lost
CUST00303,2023-06-30,2024-11-02,9,7445.62,59,0,2,3,3,At Risk
CUST00304,2023-10-19,2024-11-05,7,7238.11,56,0,2,3,3,At Risk
CUST00305,2023-07-01,2024-11-18,9,6886.89,43,0,3,3,3,Loyal Customers
CUST00306,2023-08-29,2024-12-31,9,7127.88,0,0,5,3,3,Loyal Customers
CUST00307,2023-05-26,2024-10-24,9,8722.539999999999,68,0,2,3,3,At Risk
CUST00308,2024-03-27,2024-11-26,5,4403.110000000001,35,0,3,2,2,Promising
CUST00309,2023-01-07,2024-11-08,11,9881.94,53,0,2,4,4,Can't Lose Them
CUST00310,2023-12-08,2024-12-24,6,6045.01,7,0,5,2,2,New Customers
CUST00311,2023-04-28,2024-11-04,10,7260.98,57,0,2,4,3,Can't Lose Them
CUST00312,2023-11-26,2024-11-03,7,6078.41,58,0,2,3,2,At Risk
CUST00313,2023-04-19,2024-12-08,11,10581.5,23,0,4,4,4,Champions
CUST00314,2023-05-02,2024-11-06,10,10055.97,55,0,2,4,4,Can't Lose Them
CUST00315,2024-01-07,2024-10-30,5,3733.18,62,0,2,2,2,Hibernating / Lost
CUST00316,2024-03-12,2024-12-27,5,4454.84,4,0,5,2,2,New Customers
CUST00317,2023-09-26,2024-11-23,7,6385.29,38,0,3,3,3,Loyal Customers
CUST00318,2023-09-11,2024-10-27,7,5943.46,65,0,2,3,2,At Risk
CUST00319,2023-04-22,2024-12-21,11,10228.18,10,0,5,4,4,Champions
CUST00320,2024-03-23,2024-12-02,5,5559.04,29,0,3,2,2,Promising
CUST00321,2023-06-16,2024-10-28,10,9806.8,64,0,2,4,4,Can't Lose Them
CUST00322,2024-04-25,2024-11-22,4,3742.44,39,0,3,2,2,Promising
CUST00323,2023-11-21,2024-12-27,7,6188.1900000000005,4,0,5,3,3,Loyal Customers
CUST00324,2024-04-06,2024-12-06,5,4608.34,25,0,4,2,2,New Customers
CUST00325,2023-11-28,2024-12-17,7,6029.4400000000005,14,0,4,3,2,Loyal Customers
CUST00326,2024-01-06,2024-11-26,6,6321.58,35,0,3,2,3,Promising
CUST00327,2023-03-09,2024-12-19,10,8771.77,12,0,5,4,3,Champions
CUST00328,2023-03-21,2024-10-31,11,9888.83,61,0,2,4,4,Can't Lose Them
CUST00329,2023-07-16,2024-11-29,9,8486.93,32,0,3,3,3,Loyal Customers
CUST00330,2023-09-29,2024-11-16,8,7500.88,45,0,3,3,3,Loyal Customers
CUST00331,2024-02-13,2024-12-01,6,5668.37,30,0,3,2,2,Promising
CUST00332,2024-02-22,2024-11-03,5,3278.16,58,0,2,2,2,Hibernating / Lost
CUST00333,2023-06-30,2024-11-11,8,7347.3,50,0,2,3,3,At Risk
CUST00334,2023-07-16,2024-11-18,9,6919.45,43,0,3,3,3,Loyal Customers
CUST00335,2023-07-04,2024-12-23,9,8552.619999999999,8,0,5,3,3,Loyal Customers
CUST00336,2024-05-09,2024-11-20,4,4145.16,41,0,3,2,2,Promising
CUST00337,2023-01-16,2024-12-13,13,10902.06,18,0,4,4,4,Champions
CUST00338,2023-09-15,2024-12-07,8,7616.11,24,0,4,3,3,Loyal Customers
CUST00339,2023-09-25,2024-11-14,7,7218.16,47,0,2,3,3,At Risk
CUST00340,2023-12-01,2024-11-29,7,5407.9400000000005,32,0,3,3,2,Loyal Customers
CUST00341,2023-03-25,2024-11-26,12,9956.55,35,0,3,4,4,Loyal Customers
CUST00342,2023-09-14,2024-12-11,7,6752.42,20,0,4,3,3,Loyal Customers
CUST00343,2023-01-13,2024-12-15,12,12987.08,16,0,4,4,4,Champions
CUST00344,2023-08-18,2024-12-14,8,7359.22,17,0,4,3,3,Loyal Customers
CUST00345,2023-02-19,2024-11-06,11,9472.960000000001,55,0,2,4,4,Can't Lose Them
CUST00346,2024-05-15,2024-11-23,4,3934.41,38,0,3,2,2,Promising
CUST00347,2024-03-15,2024-12-31,5,4737.13,0,0,5,2,2,New Customers
CUST00348,2023-02-12,2024-12-15,11,8103.66,16,0,4,4,3,Champions
CUST00349,2023-10-01,2024-12-17,8,7655.63,14,0,4,3,3,Loyal Customers
CUST00350,2023-05-23,2024-10-18,9,7915.11,74,0,2,3,3,At Risk
CUST00351,2023-12-17,2024-12-09,7,6364.59,22,0,4,3,3,Loyal Customers
CUST00352,2023-04-05,2024-12-28,11,10735.68,3,0,5,4,4,Champions
CUST00353,2023-04-12,2024-12-16,10,9603.039999999999,15,0,4,4,4,Champions
CUST00354,2024-01-05,2024-11-29,6,5966.27,32,0,3,2,2,Promising
CUST00355,2023-12-23,2024-11-22,7,7337.68,39,0,3,3,3,Loyal Customers
CUST00356,2023-09-15,2024-12-20,8,8273.82,11,0,5,3,3,Loyal Customers
CUST00357,2023-04-01,2024-12-24,11,10280.25,7,0,5,4,4,Champions
CUST00358,2023-02-21,2024-10-28,10,9698.4,64,0,2,4,4,Can't Lose Them
CUST00359,2023-07-22,2024-11-30,8,5874.85,31,0,3,3,2,Loyal Customers
CUST00360,2024-03-06,2024-12-10,5,5135.64,21,0,4,2,2,New Customers
CUST00361,2023-04-09,2024-11-20,9,7705.84,41,0,3,3,3,Loyal Customers
CUST00362,2024-02-06,2024-11-20,6,5736.04,41,0,3,2,2,Promising
CUST00363,2024-01-30,2024-12-24,7,7861.02,7,0,5,3,3,Loyal Customers
CUST00364,2023-04-06,2024-11-18,10,9000.63,43,0,3,4,3,Loyal Customers
CUST00365,2023-03-04,2024-12-24,11,8904.61,7,0,5,4,3,Champions
CUST00366,2023-06-02,2024-11-23,10,9983.25,38,0,3,4,4,Loyal Customers
CUST00367,2023-01-12,2024-12-28,12,9174.54,3,0,5,4,3,Champions
CUST00368,2024-04-17,2024-11-04,4,2374.9,57,0,2,2,2,Hibernating / Lost
CUST00369,2024-01-28,2024-11-14,5,4564.92,47,0,2,2,2,Hibernating / Lost
CUST00370,2023-11-15,2024-12-05,7,6221.349999999999,26,0,3,3,3,Loyal Customers
CUST00371,2023-11-06,2024-12-23,8,6818.24,8,0,5,3,3,Loyal Customers
CUST00372,2023-06-10,2024-12-16,9,7369.22,15,0,4,3,3,Loyal Customers
CUST00373,2024-04-29,2024-10-09,3,2579.93,83,0,2,2,2,Hibernating / Lost
CUST00374,2023-08-11,2024-11-14,9,6687.8099999999995,47,0,2,3,3,At Risk
CUST00375,2024-02-06,2024-12-22,7,6060.68,9,0,5,3,2,Loyal Customers
CUST00376,2024-02-29,2024-12-25,5,4250.14,6,0,5,2,2,New Customers
CUST00377,2023-01-25,2024-11-12,11,10045.72,49,0,2,4,4,Can't Lose Them
CUST00378,2024-02-22,2024-11-08,6,5750.63,53,0,2,2,2,Hibernating / Lost
CUST00379,2023-11-10,2024-10-29,7,6956.35,63,0,2,3,3,At Risk
CUST00380,2023-03-04,2024-10-11,10,9443.41,81,0,2,4,3,Can't Lose Them
CUST00381,2023-02-09,2024-12-04,11,10587.0,27,0,3,4,4,Loyal Customers
CUST00382,2024-04-13,2024-11-02,4,3186.52,59,0,2,2,2,Hibernating / Lost
CUST00383,2023-04-07,2024-11-18,11,8689.52,43,0,3,4,3,Loyal Customers
CUST00384,2023-02-13,2024-12-07,12,9935.48,24,0,4,4,4,Champions
CUST00385,2023-05-08,2024-12-05,11,8488.94,26,0,3,4,3,Loyal Customers
CUST00386,2023-12-28,2024-10-31,5,4030.1,61,0,2,2,2,Hibernating / Lost
CUST00387,2023-05-03,2024-11-24,10,8064.08,37,0,3,4,3,Loyal Customers
CUST00388,2023-10-26,2024-11-21,7,6257.65,40,0,3,3,3,Loyal Customers
CUST00389,2023-02-21,2024-12-14,10,8240.33,17,0,4,4,3,Champions
CUST00390,2023-12-18,2024-11-27,6,5865.8099999999995,34,0,3,2,2,Promising
CUST00391,2024-05-13,2024-12-25,5,5611.610000000001,6,0,5,2,2,New Customers
CUST00392,2023-10-06,2024-12-29,8,7835.49,2,0,5,3,3,Loyal Customers
CUST00393,2023-06-25,2024-12-04,9,7756.91,27,0,3,3,3,Loyal Customers
CUST00394,2023-03-25,2024-11-05,11,7633.42,56,0,2,4,3,Can't Lose Them
CUST00395,2023-10-15,2024-10-27,8,7145.95,65,0,2,3,3,At Risk
CUST00396,2023-07-24,2024-12-10,9,8552.88,21,0,4,3,3,Loyal Customers
CUST00397,2023-06-02,2024-12-05,9,7532.85,26,0,3,3,3,Loyal Customers
CUST00398,2023-08-25,2024-11-03,7,5335.33,58,0,2,3,2,At Risk
CUST00399,2024-03-25,2024-12-14,5,4879.110000000001,17,0,4,2,2,New Customers
CUST00400,2024-03-05,2024-11-20,5,3094.41,41,0,3,2,2,Promising
CUST00401,2023-06-19,2024-12-16,9,8102.26,15,0,4,3,3,Loyal Customers
CUST00402,2024-01-04,2024-11-16,7,6677.59,45,0,3,3,3,Loyal Customers
CUST00403,2023-01-13,2024-11-13,11,10295.06,48,0,2,4,4,Can't Lose Them
CUST00404,2023-09-19,2024-12-11,7,5597.860000000001,20,0,4,3,2,Loyal Customers
CUST00405,2023-08-26,2024-12-21,8,7092.75,10,0,5,3,3,Loyal Customers
CUST00406,2024-05-07,2024-11-11,4,3680.04,50,0,2,2,2,Hibernating / Lost
CUST00407,2023-04-18,2024-12-27,9,7692.88,4,0,5,3,3,Loyal Customers
CUST00408,2024-04-14,2024-10-22,4,3997.73,70,0,2,2,2,Hibernating / Lost
CUST00409,2024-02-02,2024-12-14,6,5000.1,17,0,4,2,2,New Customers
CUST00410,2023-03-23,2024-11-01,9,8633.78,60,0,2,3,3,At Risk
CUST00411,2024-04-17,2024-12-01,5,4209.71,30,0,3,2,2,Promising
CUST00412,2024-04-17,2024-12-15,5,3775.5200000000004,16,0,4,2,2,New Customers
CUST00413,2023-08-13,2024-12-25,10,8671.99,6,0,5,4,3,Champions
CUST00414,2023-06-24,2024-12-22,9,8557.41,9,0,5,3,3,Loyal Customers
CUST00415,2023-07-12,2024-12-01,9,7703.73,30,0,3,3,3,Loyal Customers
CUST00416,2023-02-04,2024-11-21,12,11678.33,40,0,3,4,4,Loyal Customers
CUST00417,2023-10-08,2024-12-13,8,8979.7,18,0,4,3,3,Loyal Customers
CUST00418,2024-05-01,2024-11-19,4,4462.79,42,0,3,2,2,Promising
CUST00419,2024-01-06,2024-12-21,7,5363.89,10,0,5,3,2,Loyal Customers
CUST00420,2024-02-20,2024-12-25,6,5775.12,6,0,5,2,2,New Customers
CUST00421,2023-12-26,2024-12-21,8,6667.7300000000005,10,0,5,3,3,Loyal Customers
CUST00422,2024-03-30,2024-10-29,5,5118.32,63,0,2,2,2,Hibernating / Lost
CUST00423,2023-04-03,2024-12-23,11,9720.16,8,0,5,4,4,Champions
CUST00424,2024-04-27,2024-11-26,4,2822.68,35,0,3,2,2,Promising
CUST00425,2023-09-15,2024-11-19,7,6730.71,42,0,3,3,3,Loyal Customers
CUST00426,2023-07-10,2024-12-07,9,7048.83,24,0,4,3,3,Loyal Customers
CUST00427,2024-03-17,2024-12-30,6,4839.37,1,0,5,2,2,New Customers
CUST00428,2024-04-24,2024-11-05,4,4113.41,56,0,2,2,2,Hibernating / Lost
CUST00429,2023-04-21,2024-10-30,9,9859.9,62,0,2,3,4,At Risk
CUST00430,2024-01-04,2024-12-29,7,6458.08,2,0,5,3,3,Loyal Customers
CUST00431,2023-10-05,2024-12-16,7,5991.85,15,0,4,3,2,Loyal Customers
CUST00432,2023-06-14,2024-12-30,11,9468.66,1,0,5,4,3,Champions
CUST00433,2023-05-13,2024-12-30,11,10420.31,1,0,5,4,4,Champions
CUST00434,2023-12-14,2024-12-11,7,5742.16,20,0,4,3,2,Loyal Customers
CUST00435,2024-02-29,2024-11-15,5,4582.78,46,0,3,2,2,Promising
CUST00436,2024-05-14,2024-11-19,4,3373.08,42,0,3,2,2,Promising
CUST00437,2024-04-21,2024-11-22,4,2497.88,39,0,3,2,2,Promising
CUST00438,2024-01-15,2024-11-03,5,3782.5299999999997,58,0,2,2,2,Hibernating / Lost
CUST00439,2023-11-29,2024-11-09,6,5172.11,52,0,2,2,2,Hibernating / Lost
CUST00440,2024-02-13,2024-11-15,5,3639.7400000000002,46,0,3,2,2,Promising
CUST00441,2023-06-18,2024-11-27,8,7969.76,34,0,3,3,3,Loyal Customers
CUST00442,2024-04-13,2024-12-09,5,5248.88,22,0,4,2,2,New Customers
CUST00443,2024-02-02,2024-11-09,5,4504.43,52,0,2,2,2,Hibernating / Lost
CUST00444,2023-08-04,2024-12-19,9,9063.38,12,0,5,3,3,Loyal Customers
CUST00445,2023-01-13,2024-11-07,11,9906.35,54,0,2,4,4,Can't Lose Them
CUST00446,2024-04-11,2024-11-02,4,3738.97,59,0,2,2,2,Hibernating / Lost
CUST00447,2023-04-04,2024-12-17,10,8725.66,14,0,4,4,3,Champions
CUST00448,2023-10-16,2024-11-03,7,7151.2300000000005,58,0,2,3,3,At Risk
CUST00449,2023-04-18,2024-12-21,11,8877.42,10,0,5,4,3,Champions
CUST00450,2024-03-05,2024-11-19,6,4810.04,42,0,3,2,2,Promising
CUST00451,2024-04-27,2024-11-22,4,3701.09,39,0,3,2,2,Promising
CUST00452,2024-01-02,2024-12-29,8,8880.2,2,0,5,3,3,Loyal Customers
CUST00453,2023-03-22,2024-10-21,9,7541.370000000001,71,0,2,3,3,At Risk
CUST00454,2023-01-19,2024-12-04,12,11688.47,27,0,3,4,4,Loyal Customers
CUST00455,2023-12-30,2024-12-30,6,5319.68,1,0,5,2,2,New Customers
CUST00456,2024-03-06,2024-11-29,5,4775.42,32,0,3,2,2,Promising
CUST00457,2023-04-23,2024-11-07,9,8050.52,54,0,2,3,3,At Risk
CUST00458,2024-03-06,2024-11-26,5,4798.37,35,0,3,2,2,Promising
CUST00459,2023-07-29,2024-12-23,8,6415.11,8,0,5,3,3,Loyal Customers
CUST00460,2023-08-18,2024-12-14,9,8950.78,17,0,4,3,3,Loyal Customers
CUST00461,2024-04-12,2024-11-21,4,2916.91,40,0,3,2,2,Promising
CUST00462,2023-03-22,2024-12-06,12,10711.68,25,0,4,4,4,Champions
CUST00463,2024-01-31,2024-11-28,7,6982.98,33,0,3,3,3,Loyal Customers
CUST00464,2023-12-27,2024-12-28,6,6058.75,3,0,5,2,2,New Customers
CUST00465,2024-03-15,2024-11-20,5,3483.95,41,0,3,2,2,Promising
CUST00466,2023-10-23,2024-11-09,7,6377.85,52,0,2,3,3,At Risk
CUST00467,2024-01-08,2024-10-31,6,5086.97,61,0,2,2,2,Hibernating / Lost
CUST00468,2023-10-16,2024-12-22,8,7615.74,9,0,5,3,3,Loyal Customers
CUST00469,2024-01-06,2024-12-17,6,5432.71,14,0,4,2,2,New Customers
CUST00470,2023-11-03,2024-12-11,7,5976.07,20,0,4,3,2,Loyal Customers
CUST00471,2023-10-12,2024-12-19,8,5939.67,12,0,5,3,2,Loyal Customers
CUST00472,2023-09-11,2024-11-09,7,5840.17,52,0,2,3,2,At Risk
CUST00473,2023-11-11,2024-12-21,7,6777.92,10,0,5,3,3,Loyal Customers
CUST00474,2024-04-24,2024-11-30,4,3643.96,31,0,3,2,2,Promising
CUST00475,2023-06-12,2024-12-14,11,8797.8,17,0,4,4,3,Champions
CUST00476,2023-05-26,2024-12-21,10,9000.19,10,0,5,4,3,Champions
CUST00477,2023-10-28,2024-12-01,6,6286.2,30,0,3,2,3,Promising
CUST00478,2023-03-28,2024-12-27,12,10650.15,4,0,5,4,4,Champions
CUST00479,2023-08-31,2024-12-17,8,7942.68,14,0,4,3,3,Loyal Customers
CUST00480,2023-12-17,2024-12-07,6,5147.12,24,0,4,2,2,New Customers
CUST00481,2023-10-14,2024-12-29,9,9031.45,2,0,5,3,3,Loyal Customers
CUST00482,2023-05-20,2024-12-13,9,8205.56,18,0,4,3,3,Loyal Customers
CUST00483,2024-03-23,2024-11-22,5,5424.42,39,0,3,2,2,Promising
CUST00484,2024-03-21,2024-11-08,5,4134.63,53,0,2,2,2,Hibernating / Lost
CUST00485,2023-05-23,2024-11-27,9,9548.52,34,0,3,3,4,Loyal Customers
CUST00486,2023-12-09,2024-10-31,6,3761.2,61,0,2,2,2,Hibernating / Lost
CUST00487,2023-07-29,2024-12-16,9,6285.599999999999,15,0,4,3,3,Loyal Customers
CUST00488,2023-11-17,2024-10-19,6,5993.54,73,0,2,2,2,Hibernating / Lost
CUST00489,2024-04-27,2024-12-23,5,4338.93,8,0,5,2,2,New Customers
CUST00490,2023-10-17,2024-11-18,8,8354.71,43,0,3,3,3,Loyal Customers
CUST00491,2023-08-19,2024-11-02,7,7610.05,59,0,2,3,3,At Risk
CUST00492,2023-05-28,2024-12-08,9,7601.32,23,0,4,3,3,Loyal Customers
CUST00493,2023-08-28,2024-12-15,9,8600.41,16,0,4,3,3,Loyal Customers
CUST00494,2023-03-25,2024-12-22,11,10265.59,9,0,5,4,4,Champions
CUST00495,2023-02-25,2024-12-22,11,10425.62,9,0,5,4,4,Champions
CUST00496,2023-03-14,2024-10-28,10,7495.49,64,0,2,4,3,Can't Lose Them
CUST00497,2023-03-23,2024-12-19,10,10541.74,12,0,5,4,4,Champions
CUST00498,2024-03-22,2024-12-02,5,4638.9400000000005,29,0,3,2,2,Promising
CUST00499,2023-04-02,2024-12-02,10,8706.57,29,0,3,4,3,Loyal Customers
CUST00500,2023-05-26,2024-11-14,10,8132.3,47,0,2,4,3,Can't Lose Them
CUST00501,2023-10-22,2024-11-17,6,4730.34,44,0,3,2,2,Promising
CUST00502,2023-03-01,2024-12-26,11,10197.61,5,0,5,4,4,Champions
CUST00503,2024-01-08,2024-11-25,6,5079.31,36,0,3,2,2,Promising
CUST00504,2023-06-22,2024-10-19,8,6549.34,73,0,2,3,3,At Risk
CUST00505,2023-07-22,2024-12-19,9,8835.93,12,0,5,3,3,Loyal Customers
CUST00506,2023-06-17,2024-11-19,9,8502.59,42,0,3,4,3,Loyal Customers
CUST00507,2024-03-28,2024-10-27,4,3831.0,65,0,2,2,2,Hibernating / Lost
CUST00508,2023-09-21,2024-12-17,8,6731.64,14,0,4,3,3,Loyal Customers
CUST00509,2023-12-14,2024-12-18,7,5939.4,13,0,5,3,2,Loyal Customers
CUST00510,2023-01-10,2024-12-10,11,8935.93,21,0,4,4,3,Champions
CUST00511,2023-12-24,2024-11-12,6,5023.75,49,0,2,2,2,Hibernating / Lost
CUST00512,2023-09-29,2024-11-15,8,7629.29,46,0,3,3,3,Loyal Customers
CUST00513,2023-10-12,2024-11-20,8,7143.78,41,0,3,3,3,Loyal Customers
CUST00514,2024-02-03,2024-12-12,6,6535.87,19,0,4,2,3,New Customers
CUST00515,2024-03-28,2024-10-28,4,3943.06,64,0,2,2,2,Hibernating / Lost
CUST00516,2023-09-11,2024-10-20,8,7191.21,72,0,2,3,3,At Risk
CUST00517,2023-08-03,2024-11-26,9,9685.81,35,0,3,4,4,Loyal Customers
CUST00518,2023-12-17,2024-11-25,6,5107.75,36,0,3,2,2,Promising
CUST00519,2024-03-23,2024-10-30,5,3771.0,62,0,2,2,2,Hibernating / Lost
CUST00520,2023-08-24,2024-12-22,9,9217.38,9,0,5,4,3,Champions
CUST00521,2023-12-13,2024-12-20,6,6143.76,11,0,5,2,2,New Customers
CUST00522,2023-10-01,2024-12-14,7,6681.129999999999,17,0,4,3,3,Loyal Customers
CUST00523,2023-08-08,2024-11-08,9,8381.81,53,0,2,4,3,Can't Lose Them
CUST00524,2023-11-25,2024-11-06,6,6481.98,55,0,2,2,3,Hibernating / Lost
CUST00525,2023-05-13,2024-12-15,9,6135.59,16,0,4,4,2,Champions
CUST00526,2023-03-21,2024-10-24,10,8132.84,68,0,2,4,3,Can't Lose Them
CUST00527,2024-04-05,2024-12-24,5,5055.62,7,0,5,2,2,New Customers
CUST00528,2023-11-28,2024-10-28,7,5844.16,64,0,2,3,2,At Risk
CUST00529,2024-01-09,2024-11-23,5,5197.58,38,0,3,2,2,Promising
CUST00530,2024-02-08,2024-12-04,6,6016.84,27,0,3,2,2,Promising
CUST00531,2024-03-09,2024-12-02,6,6293.27,29,0,3,2,3,Promising
CUST00532,2024-03-15,2024-12-10,5,3359.82,21,0,4,2,2,New Customers
CUST00533,2024-01-11,2024-11-19,7,6867.01,42,0,3,3,3,Loyal Customers
CUST00534,2023-01-27,2024-12-04,12,10624.84,27,0,3,4,4,Loyal Customers
CUST00535,2023-01-01,2024-12-11,11,9267.75,20,0,4,4,3,Champions
CUST00536,2023-01-04,2024-12-06,12,9231.67,25,0,4,4,3,Champions
CUST00537,2023-06-03,2024-12-18,10,10052.44,13,0,5,4,4,Champions
CUST00538,2023-04-28,2024-12-14,10,10739.7,17,0,4,4,4,Champions
CUST00539,2023-11-27,2024-12-08,7,6470.09,23,0,4,3,3,Loyal Customers
CUST00540,2023-10-13,2024-12-01,7,6000.25,30,0,3,3,2,Loyal Customers
CUST00541,2024-02-04,2024-12-03,5,5468.14,28,0,3,2,2,Promising
CUST00542,2023-01-29,2024-11-29,11,10305.89,32,0,3,4,4,Loyal Customers
CUST00543,2023-05-14,2024-11-11,10,10621.86,50,0,2,4,4,Can't Lose Them
CUST00544,2023-06-20,2024-11-09,9,8280.9,52,0,2,4,3,Can't Lose Them
CUST00545,2023-08-12,2024-12-09,8,7938.0,22,0,4,3,3,Loyal Customers
CUST00546,2024-02-13,2024-12-21,6,5999.04,10,0,5,2,2,New Customers
CUST00547,2023-03-19,2024-11-27,11,9861.17,34,0,3,4,4,Loyal Customers
CUST00548,2023-10-27,2024-12-26,7,7443.150000000001,5,0,5,3,3,Loyal Customers
CUST00549,2023-04-16,2024-12-01,11,9440.53,30,0,3,4,3,Loyal Customers
CUST00550,2023-03-12,2024-12-02,11,9219.25,29,0,3,4,3,Loyal Customers
CUST00551,2023-03-25,2023-11-20,6,6853.63,407,1,1,2,3,Hibernating / Lost
CUST00552,2023-05-11,2024-01-19,7,7389.52,347,1,1,3,3,At Risk
CUST00553,2023-06-03,2024-04-08,8,8609.57,267,1,2,3,3,At Risk
CUST00554,2023-03-07,2024-01-24,8,7259.38,342,1,1,3,3,At Risk
CUST00555,2023-03-19,2023-11-25,6,6780.08,402,1,1,2,3,Hibernating / Lost
CUST00556,2023-05-16,2024-01-06,7,8728.91,360,1,1,3,3,At Risk
CUST00557,2023-03-28,2024-04-23,10,10673.279999999999,252,1,2,4,4,Can't Lose Them
CUST00558,2023-05-12,2024-05-05,9,10971.78,240,1,2,4,4,Can't Lose Them
CUST00559,2023-02-18,2024-01-01,8,8882.43,365,1,1,3,3,At Risk
CUST00560,2023-03-09,2024-03-04,9,9329.89,302,1,1,4,3,Can't Lose Them
CUST00561,2023-06-15,2024-05-16,9,12292.07,229,1,2,4,4,Can't Lose Them
CUST00562,2023-06-22,2024-02-29,6,7045.23,306,1,1,2,3,Hibernating / Lost
CUST00563,2023-05-15,2024-06-14,10,11038.27,200,1,2,4,4,Can't Lose Them
CUST00564,2023-09-16,2024-04-19,5,5327.97,256,1,2,2,2,Hibernating / Lost
CUST00565,2023-07-01,2023-12-30,5,5688.18,367,1,1,2,2,Hibernating / Lost
CUST00566,2023-09-29,2024-05-11,6,7169.58,234,1,2,2,3,Hibernating / Lost
CUST00567,2023-08-06,2023-11-05,3,3530.75,422,1,1,2,2,Hibernating / Lost
CUST00568,2023-09-25,2024-01-30,4,4897.29,336,1,1,2,2,Hibernating / Lost
CUST00569,2023-10-12,2023-12-10,2,2358.59,387,1,1,1,2,Hibernating / Lost
CUST00570,2023-02-04,2024-06-17,12,13985.060000000001,197,1,2,4,4,Can't Lose Them
CUST00571,2023-03-19,2024-04-09,10,10629.73,266,1,2,4,4,Can't Lose Them
CUST00572,2023-06-24,2024-04-13,7,7920.21,262,1,2,3,3,At Risk
CUST00573,2023-04-26,2024-02-05,7,8641.82,330,1,1,3,3,At Risk
CUST00574,2023-05-24,2023-11-09,5,7422.67,418,1,1,2,3,Hibernating / Lost
CUST00575,2023-01-07,2024-04-14,11,13159.5,261,1,2,4,4,Can't Lose Them
CUST00576,2023-02-20,2024-01-19,8,11022.31,347,1,1,3,4,At Risk
CUST00577,2023-09-25,2024-06-17,7,9645.62,197,1,2,3,4,At Risk
CUST00578,2023-07-31,2023-12-11,4,4054.58,386,1,1,2,2,Hibernating / Lost
CUST00579,2023-05-08,2024-03-05,8,10081.63,301,1,1,3,4,At Risk
CUST00580,2023-03-30,2023-10-28,6,6413.68,430,1,1,2,3,Hibernating / Lost
CUST00581,2023-02-16,2023-12-18,8,9897.58,379,1,1,3,4,At Risk
CUST00582,2023-01-09,2024-05-04,11,12428.09,241,1,2,4,4,Can't Lose Them
CUST00583,2023-07-23,2024-05-11,8,10450.23,234,1,2,3,4,At Risk
CUST00584,2023-05-21,2024-05-23,9,8798.6,222,1,2,4,3,Can't Lose Them
CUST00585,2023-10-18,2024-05-04,5,6669.47,241,1,2,2,3,Hibernating / Lost
CUST00586,2023-07-06,2023-11-21,4,5142.9,406,1,1,2,2,Hibernating / Lost
CUST00587,2023-02-09,2023-12-02,7,8999.060000000001,395,1,1,3,3,At Risk
CUST00588,2023-02-23,2023-11-15,7,9987.43,412,1,1,3,4,At Risk
CUST00589,2023-08-12,2024-05-21,8,8813.86,224,1,2,3,3,At Risk
CUST00590,2023-01-15,2023-12-17,8,8866.6,380,1,1,3,3,At Risk
CUST00591,2023-07-28,2024-04-29,7,7607.66,246,1,2,3,3,At Risk
CUST00592,2023-07-31,2023-12-28,5,5969.55,369,1,1,2,2,Hibernating / Lost
CUST00593,2023-03-03,2024-03-31,10,11543.36,275,1,1,4,4,Can't Lose Them
CUST00594,2023-07-25,2024-03-29,8,9912.11,277,1,1,3,4,At Risk
CUST00595,2023-09-28,2024-06-12,7,7874.360000000001,202,1,2,3,3,At Risk
CUST00596,2023-06-26,2024-05-27,8,10330.39,218,1,2,3,4,At Risk
CUST00597,2023-10-03,2023-11-27,2,3437.44,400,1,1,1,2,Hibernating / Lost
CUST00598,2023-05-30,2024-05-18,9,11748.29,227,1,2,4,4,Can't Lose Them
CUST00599,2023-10-11,2024-05-25,6,7461.65,220,1,2,2,3,Hibernating / Lost
CUST00600,2023-02-20,2023-10-29,6,7474.0599999999995,429,1,1,2,3,Hibernating / Lost
CUST00601,2023-06-14,2024-05-25,9,9397.9,220,1,2,4,3,Can't Lose Them
CUST00602,2023-01-29,2024-01-22,9,11215.4,344,1,1,4,4,Can't Lose Them
CUST00603,2023-01-27,2023-11-15,7,8902.24,412,1,1,3,3,At Risk
CUST00604,2023-04-24,2024-01-03,6,5836.0,363,1,1,2,2,Hibernating / Lost
CUST00605,2023-05-29,2024-06-20,9,10691.01,194,1,2,4,4,Can't Lose Them
CUST00606,2023-08-05,2024-01-06,4,5030.09,360,1,1,2,2,Hibernating / Lost
CUST00607,2023-05-20,2024-03-13,7,7238.2,293,1,1,3,3,At Risk
CUST00608,2023-08-18,2024-04-27,7,6421.34,248,1,2,3,3,At Risk
CUST00609,2023-07-23,2024-03-07,6,6725.400000000001,299,1,1,2,3,Hibernating / Lost
CUST00610,2023-09-12,2024-04-18,7,7226.49,257,1,2,3,3,At Risk
CUST00611,2023-08-13,2023-11-21,3,3899.15,406,1,1,2,2,Hibernating / Lost
CUST00612,2023-04-07,2023-12-10,7,8817.37,387,1,1,3,3,At Risk
CUST00613,2023-07-14,2024-04-24,8,8613.58,251,1,2,3,3,At Risk
CUST00614,2023-10-08,2024-03-02,4,3789.59,304,1,1,2,2,Hibernating / Lost
CUST00615,2023-06-14,2024-03-06,7,6074.24,300,1,1,3,2,At Risk
CUST00616,2023-10-16,2024-01-19,3,3885.67,347,1,1,2,2,Hibernating / Lost
CUST00617,2023-07-17,2024-03-04,6,7446.87,302,1,1,2,3,Hibernating / Lost
CUST00618,2023-03-20,2024-03-08,9,10090.78,298,1,1,4,4,Can't Lose Them
CUST00619,2023-10-05,2023-11-16,2,1457.6100000000001,411,1,1,1,1,Hibernating / Lost
CUST00620,2023-06-30,2024-04-10,8,11162.46,265,1,2,3,4,At Risk
CUST00621,2023-04-08,2024-01-03,6,7088.4400000000005,363,1,1,2,3,Hibernating / Lost
CUST00622,2023-04-20,2024-02-10,8,9166.93,325,1,1,3,3,At Risk
CUST00623,2023-09-22,2024-01-31,4,2991.2,335,1,1,2,2,Hibernating / Lost
CUST00624,2023-10-16,2023-11-27,2,1950.1999999999998,400,1,1,1,1,Hibernating / Lost
CUST00625,2023-04-12,2024-05-03,9,9435.54,242,1,2,4,3,Can't Lose Them
CUST00626,2023-01-28,2024-03-28,11,14610.16,278,1,1,4,4,Can't Lose Them
CUST00627,2023-03-19,2024-04-10,9,12703.130000000001,265,1,2,4,4,Can't Lose Them
CUST00628,2023-01-21,2024-04-23,12,16011.13,252,1,2,4,4,Can't Lose Them
CUST00629,2023-06-03,2023-12-14,5,4857.4,383,1,1,2,2,Hibernating / Lost
CUST00630,2023-02-12,2024-03-26,10,12987.93,280,1,1,4,4,Can't Lose Them
CUST00631,2023-05-15,2024-02-05,7,8150.780000000001,330,1,1,3,3,At Risk
CUST00632,2023-10-21,2024-05-31,6,7479.59,214,1,2,3,3,At Risk
CUST00633,2023-08-06,2024-02-27,6,7423.49,308,1,1,3,3,At Risk
CUST00634,2023-06-13,2024-01-10,6,7432.3,356,1,1,3,3,At Risk
CUST00635,2023-02-14,2024-04-19,10,11605.24,256,1,2,4,4,Can't Lose Them
CUST00636,2023-02-11,2024-04-23,11,11772.61,252,1,2,4,4,Can't Lose Them
CUST00637,2023-02-01,2024-02-11,10,10815.14,324,1,1,4,4,Can't Lose Them
CUST00638,2023-07-31,2024-01-26,5,6182.88,340,1,1,2,3,Hibernating / Lost
CUST00639,2023-05-09,2024-03-08,8,9727.24,298,1,1,3,4,At Risk
CUST00640,2023-02-15,2024-03-12,9,11780.71,294,1,1,4,4,Can't Lose Them
CUST00641,2023-10-07,2023-11-24,2,1469.0900000000001,403,1,1,1,1,Hibernating / Lost
CUST00642,2023-06-30,2024-02-18,6,6517.67,317,1,1,3,3,At Risk
CUST00643,2023-07-17,2024-03-12,6,7237.73,294,1,1,3,3,At Risk
CUST00644,2023-03-30,2024-05-15,11,11763.369999999999,230,1,2,4,4,Can't Lose Them
CUST00645,2023-09-07,2024-01-05,3,2135.77,361,1,1,2,2,Hibernating / Lost
CUST00646,2023-05-29,2024-05-17,9,9546.36,228,1,2,4,4,Can't Lose Them
CUST00647,2023-07-11,2023-11-11,4,3938.58,416,1,1,2,2,Hibernating / Lost
CUST00648,2023-04-18,2024-04-02,8,10304.71,273,1,1,3,4,At Risk
CUST00649,2023-10-21,2024-04-21,5,5070.67,254,1,2,2,2,Hibernating / Lost
CUST00650,2023-02-18,2024-03-15,9,11232.53,291,1,1,4,4,Can't Lose Them
CUST00651,2023-01-31,2024-02-08,9,9497.82,327,1,1,4,4,Can't Lose Them
CUST00652,2023-03-03,2024-03-30,10,12242.43,276,1,1,4,4,Can't Lose Them
CUST00653,2023-08-27,2023-11-11,3,3985.2799999999997,416,1,1,2,2,Hibernating / Lost
CUST00654,2023-08-16,2023-11-21,3,2521.04,406,1,1,2,2,Hibernating / Lost
CUST00655,2023-08-21,2024-03-14,6,5777.82,292,1,1,3,2,At Risk
CUST00656,2023-10-09,2024-06-04,6,7003.11,210,1,2,3,3,At Risk
CUST00657,2023-09-19,2024-06-15,7,6999.44,199,1,2,3,3,At Risk
CUST00658,2023-06-23,2024-04-25,8,8369.55,250,1,2,3,3,At Risk
CUST00659,2023-05-14,2024-04-13,8,7592.92,262,1,2,3,3,At Risk
CUST00660,2023-06-15,2024-03-18,7,7784.25,288,1,1,3,3,At Risk
CUST00661,2023-04-28,2024-01-16,7,9394.98,350,1,1,3,3,At Risk
CUST00662,2023-05-25,2024-03-25,8,7709.12,281,1,1,3,3,At Risk
CUST00663,2023-09-20,2023-12-06,3,3219.9300000000003,391,1,1,2,2,Hibernating / Lost
CUST00664,2023-04-16,2024-05-11,9,10703.81,234,1,2,4,4,Can't Lose Them
CUST00665,2023-06-08,2024-06-18,10,13006.25,196,1,2,4,4,Can't Lose Them
CUST00666,2023-02-09,2024-01-04,9,9698.32,362,1,1,4,4,Can't Lose Them
CUST00667,2023-07-10,2024-05-27,8,8962.99,218,1,2,3,3,At Risk
CUST00668,2023-01-16,2024-01-27,10,8790.44,339,1,1,4,3,Can't Lose Them
CUST00669,2023-08-10,2023-11-01,3,4536.82,426,1,1,2,2,Hibernating / Lost
CUST00670,2023-02-02,2023-12-02,8,8468.81,395,1,1,3,3,At Risk
CUST00671,2023-08-11,2024-01-18,5,7020.26,348,1,1,2,3,Hibernating / Lost
CUST00672,2023-08-30,2024-01-15,4,4518.679999999999,351,1,1,2,2,Hibernating / Lost
CUST00673,2023-06-27,2024-03-16,7,9376.91,290,1,1,3,3,At Risk
CUST00674,2023-05-10,2024-04-10,8,9276.21,265,1,2,3,3,At Risk
CUST00675,2023-03-23,2023-11-08,6,7923.91,419,1,1,3,3,At Risk
CUST00676,2023-01-22,2024-01-14,9,10300.53,352,1,1,4,4,Can't Lose Them
CUST00677,2023-07-21,2024-04-22,7,9194.75,253,1,2,3,3,At Risk
CUST00678,2023-09-16,2023-12-11,3,4065.88,386,1,1,2,2,Hibernating / Lost
CUST00679,2023-07-27,2024-04-14,7,7808.54,261,1,2,3,3,At Risk
CUST00680,2023-08-20,2024-04-29,7,7959.82,246,1,2,3,3,At Risk
CUST00681,2023-01-22,2023-12-06,8,9484.35,391,1,1,3,4,At Risk
CUST00682,2023-09-09,2024-05-10,6,6196.68,235,1,2,3,3,At Risk
CUST00683,2023-02-18,2024-01-14,9,9779.44,352,1,1,4,4,Can't Lose Them
CUST00684,2023-09-17,2024-02-06,4,4628.99,329,1,1,2,2,Hibernating / Lost
CUST00685,2023-01-25,2024-04-01,11,12633.36,274,1,1,4,4,Can't Lose Them
CUST00686,2023-04-01,2023-11-06,6,7790.65,421,1,1,3,3,At Risk
CUST00687,2023-03-01,2024-05-12,12,13488.310000000001,233,1,2,4,4,Can't Lose Them
CUST00688,2023-07-03,2024-02-22,6,6004.4800000000005,313,1,1,3,2,At Risk
CUST00689,2023-10-07,2024-03-03,4,4201.8099999999995,303,1,1,2,2,Hibernating / Lost
CUST00690,2023-01-21,2024-04-11,11,11049.73,264,1,2,4,4,Can't Lose Them
CUST00691,2023-09-01,2024-02-07,5,5476.16,328,1,1,2,2,Hibernating / Lost
CUST00692,2023-09-19,2024-05-17,7,9443.35,228,1,2,3,3,At Risk
CUST00693,2023-08-10,2024-06-14,7,7749.86,200,1,2,3,3,At Risk
CUST00694,2023-09-18,2024-02-27,5,6153.3,308,1,1,2,3,Hibernating / Lost
CUST00695,2023-08-02,2024-04-26,7,8732.37,249,1,2,3,3,At Risk
CUST00696,2023-10-02,2023-12-25,3,3702.0699999999997,372,1,1,2,2,Hibernating / Lost
CUST00697,2023-10-14,2024-01-07,3,3918.46,359,1,1,2,2,Hibernating / Lost
CUST00698,2023-09-08,2024-03-11,5,5956.59,295,1,1,2,2,Hibernating / Lost
CUST00699,2023-06-10,2024-03-06,7,7008.34,300,1,1,3,3,At Risk
CUST00700,2023-03-13,2023-11-22,7,8592.1,405,1,1,3,3,At Risk
CUST00701,2023-05-30,2023-12-24,5,5615.87,373,1,1,2,2,Hibernating / Lost
CUST00702,2023-09-05,2023-12-02,3,2639.0,395,1,1,2,2,Hibernating / Lost
CUST00703,2023-02-06,2024-03-23,11,14434.3,283,1,1,4,4,Can't Lose Them
CUST00704,2023-02-25,2024-01-23,9,9519.74,343,1,1,4,4,Can't Lose Them
CUST00705,2023-04-15,2024-06-04,11,12438.77,210,1,2,4,4,Can't Lose Them
CUST00706,2023-03-29,2023-12-04,7,7136.78,393,1,1,3,3,At Risk
CUST00707,2023-07-28,2024-04-04,7,8092.99,271,1,2,3,3,At Risk
CUST00708,2023-04-20,2024-03-25,8,8449.45,281,1,1,3,3,At Risk
CUST00709,2023-09-26,2024-03-14,5,5849.8099999999995,292,1,1,2,2,Hibernating / Lost
CUST00710,2023-07-13,2024-04-19,7,7736.610000000001,256,1,2,3,3,At Risk
CUST00711,2023-10-16,2024-04-10,5,4430.86,265,1,2,2,2,Hibernating / Lost
CUST00712,2023-08-17,2024-03-01,6,5791.049999999999,305,1,1,3,2,At Risk
CUST00713,2023-09-29,2023-10-30,2,2527.34,428,1,1,1,2,Hibernating / Lost
CUST00714,2023-01-25,2023-11-04,8,8170.96,423,1,1,3,3,At Risk
CUST00715,2023-04-06,2024-04-27,9,11394.1,248,1,2,4,4,Can't Lose Them
CUST00716,2023-05-01,2024-06-17,11,13584.49,197,1,2,4,4,Can't Lose Them
CUST00717,2023-05-20,2024-01-14,7,8486.0,352,1,1,3,3,At Risk
CUST00718,2023-05-23,2024-01-27,7,6716.17,339,1,1,3,3,At Risk
CUST00719,2023-09-08,2023-12-06,3,4339.88,391,1,1,2,2,Hibernating / Lost
CUST00720,2023-09-24,2024-03-24,5,5880.389999999999,282,1,1,2,2,Hibernating / Lost
CUST00721,2023-09-13,2024-05-02,7,8138.41,243,1,2,3,3,At Risk
CUST00722,2023-01-09,2024-04-13,12,15084.11,262,1,2,4,4,Can't Lose Them
CUST00723,2023-01-27,2024-03-12,10,13281.23,294,1,1,4,4,Can't Lose Them
CUST00724,2023-09-03,2024-06-04,8,6880.54,210,1,2,3,3,At Risk
CUST00725,2023-06-21,2023-12-06,5,6404.15,391,1,1,2,3,Hibernating / Lost
CUST00726,2023-09-07,2024-03-11,5,6163.27,295,1,1,2,3,Hibernating / Lost
CUST00727,2023-07-13,2024-03-12,7,7181.76,294,1,1,3,3,At Risk
CUST00728,2023-01-07,2024-04-20,12,12279.04,255,1,2,4,4,Can't Lose Them
CUST00729,2023-08-24,2023-11-22,3,4721.3,405,1,1,2,2,Hibernating / Lost
CUST00730,2023-05-13,2024-01-20,6,7551.74,346,1,1,3,3,At Risk
CUST00731,2023-05-23,2023-10-29,4,3473.64,429,1,1,2,2,Hibernating / Lost
CUST00732,2023-09-18,2024-03-31,6,8077.13,275,1,1,3,3,At Risk
CUST00733,2023-04-23,2024-03-30,9,10013.16,276,1,1,4,4,Can't Lose Them
CUST00734,2023-01-30,2024-02-06,10,12664.64,329,1,1,4,4,Can't Lose Them
CUST00735,2023-03-26,2024-03-02,8,6931.86,304,1,1,3,3,At Risk
CUST00736,2023-03-19,2024-05-09,11,11058.630000000001,236,1,2,4,4,Can't Lose Them
CUST00737,2023-04-09,2023-12-12,6,6291.49,385,1,1,3,3,At Risk
CUST00738,2023-02-03,2024-02-13,10,11298.72,322,1,1,4,4,Can't Lose Them
CUST00739,2023-07-25,2024-02-22,6,5998.6,313,1,1,3,2,At Risk
CUST00740,2023-10-28,2024-05-06,5,4136.99,239,1,2,2,2,Hibernating / Lost
CUST00741,2023-09-04,2024-02-23,4,5007.54,312,1,1,2,2,Hibernating / Lost
CUST00742,2023-04-18,2024-02-24,8,7952.48,311,1,1,3,3,At Risk
CUST00743,2023-06-15,2024-02-08,6,6911.86,327,1,1,3,3,At Risk
CUST00744,2023-03-26,2024-03-18,9,9508.1,288,1,1,4,4,Can't Lose Them
CUST00745,2023-06-25,2023-12-07,5,5000.44,390,1,1,2,2,Hibernating / Lost
CUST00746,2023-09-16,2024-04-12,5,6164.110000000001,263,1,2,2,3,Hibernating / Lost
CUST00747,2023-01-21,2024-02-22,9,10482.75,313,1,1,4,4,Can't Lose Them
CUST00748,2023-10-20,2024-04-26,5,6721.72,249,1,2,2,3,Hibernating / Lost
CUST00749,2023-10-24,2024-03-31,5,4578.52,275,1,1,2,2,Hibernating / Lost
CUST00750,2023-02-08,2023-11-12,7,10261.369999999999,415,1,1,3,4,At Risk
CUST00751,2024-10-08,2024-11-03,2,2627.55,58,0,2,1,2,Hibernating / Lost
CUST00752,2024-11-07,2024-11-07,1,1426.28,54,0,2,1,1,Hibernating / Lost
CUST00753,2024-12-12,2024-12-12,1,794.3,19,0,4,1,1,New Customers
CUST00754,2024-12-24,2024-12-24,1,417.05,7,0,5,1,1,New Customers
CUST00755,2024-10-12,2024-11-16,2,1601.04,45,0,3,1,1,Promising
CUST00756,2024-11-04,2024-11-04,1,1188.95,57,0,2,1,1,Hibernating / Lost
CUST00757,2024-11-03,2024-12-06,2,1239.1399999999999,25,0,4,1,1,New Customers
CUST00758,2024-11-17,2024-11-17,1,1318.11,44,0,3,1,1,Promising
CUST00759,2024-11-10,2024-12-20,2,1712.1799999999998,11,0,5,1,1,New Customers
CUST00760,2024-10-17,2024-10-17,1,1544.3,75,0,2,1,1,Hibernating / Lost
CUST00761,2024-11-05,2024-11-05,1,536.04,56,0,2,1,1,Hibernating / Lost
CUST00762,2024-11-14,2024-11-14,1,1000.56,47,0,2,1,1,Hibernating / Lost
CUST00763,2024-12-09,2024-12-09,1,1012.94,22,0,4,1,1,New Customers
CUST00764,2024-12-26,2024-12-26,1,733.96,5,0,5,1,1,New Customers
CUST00765,2024-11-16,2024-11-16,1,823.89,45,0,3,1,1,Promising
CUST00766,2024-10-26,2024-12-08,2,1955.8000000000002,23,0,4,1,1,New Customers
CUST00767,2024-10-13,2024-10-13,1,594.75,79,0,2,1,1,Hibernating / Lost
CUST00768,2024-10-22,2024-11-28,2,2011.26,33,0,3,1,1,Promising
CUST00769,2024-12-21,2024-12-21,1,435.75,10,0,5,1,1,New Customers
CUST00770,2024-11-26,2024-11-26,1,1368.73,35,0,3,1,1,Promising
CUST00771,2024-11-22,2024-11-22,1,601.03,39,0,3,1,1,Promising
CUST00772,2024-12-22,2024-12-22,1,1328.16,9,0,5,1,1,New Customers
CUST00773,2024-12-30,2024-12-30,1,1571.36,1,0,5,1,1,New Customers
CUST00774,2024-10-31,2024-12-14,2,2513.81,17,0,4,1,2,New Customers
CUST00775,2024-11-29,2024-12-30,2,1425.6,1,0,5,1,1,New Customers
CUST00776,2024-10-06,2024-11-13,2,1452.21,48,0,2,1,1,Hibernating / Lost
CUST00777,2024-11-18,2024-12-31,2,2211.49,0,0,5,1,2,New Customers
CUST00778,2024-11-30,2024-11-30,1,560.9,31,0,3,1,1,Promising
CUST00779,2024-12-17,2024-12-17,1,1073.69,14,0,4,1,1,New Customers
CUST00780,2024-12-16,2024-12-16,1,968.12,15,0,4,1,1,New Customers
CUST00781,2024-12-11,2024-12-11,1,1313.9,20,0,4,1,1,New Customers
CUST00782,2024-12-20,2024-12-20,1,1343.38,11,0,5,1,1,New Customers
CUST00783,2024-11-11,2024-11-11,1,774.47,50,0,2,1,1,Hibernating / Lost
CUST00784,2024-11-08,2024-11-08,1,1430.39,53,0,2,1,1,Hibernating / Lost
CUST00785,2024-11-09,2024-12-03,2,2791.98,28,0,3,1,2,Promising
CUST00786,2024-10-21,2024-11-23,2,2385.5,38,0,3,1,2,Promising
CUST00787,2024-11-17,2024-11-17,1,997.94,44,0,3,1,1,Promising
CUST00788,2024-11-09,2024-12-08,2,1220.58,23,0,4,2,1,New Customers
CUST00789,2024-10-13,2024-10-13,1,1517.69,79,0,2,1,1,Hibernating / Lost
CUST00790,2024-12-17,2024-12-17,1,835.04,14,0,4,1,1,New Customers
CUST00791,2024-11-04,2024-11-27,2,1401.1100000000001,34,0,3,2,1,Promising
CUST00792,2024-12-15,2024-12-15,1,677.82,16,0,4,1,1,New Customers
CUST00793,2024-11-10,2024-12-02,2,2679.7,29,0,3,2,2,Promising
CUST00794,2024-12-14,2024-12-14,1,1055.28,17,0,4,1,1,New Customers
CUST00795,2024-12-25,2024-12-25,1,520.52,6,0,5,1,1,New Customers
CUST00796,2024-10-07,2024-11-09,2,2014.1699999999998,52,0,2,2,1,Hibernating / Lost
CUST00797,2024-11-05,2024-11-27,2,975.6399999999999,34,0,3,2,1,Promising
CUST00798,2024-10-02,2024-10-02,1,1469.68,90,0,2,1,1,Hibernating / Lost
CUST00799,2024-12-01,2024-12-24,2,1604.33,7,0,5,2,1,New Customers
CUST00800,2024-12-12,2024-12-12,1,498.41,19,0,4,1,1,New Customers
CUST00801,2024-10-25,2024-12-06,2,2941.83,25,0,4,2,2,New Customers
CUST00802,2024-10-04,2024-11-15,2,1214.0900000000001,46,0,3,2,1,Promising
CUST00803,2024-12-28,2024-12-28,1,686.3,3,0,5,1,1,New Customers
CUST00804,2024-10-02,2024-12-12,3,3451.1099999999997,19,0,4,2,2,New Customers
CUST00805,2024-12-04,2024-12-04,1,685.49,27,0,3,1,1,Promising
CUST00806,2024-10-29,2024-12-23,3,3403.41,8,0,5,2,2,New Customers
CUST00807,2024-12-16,2024-12-16,1,1492.9,15,0,4,1,1,New Customers
CUST00808,2024-11-05,2024-11-05,1,1139.66,56,0,2,1,1,Hibernating / Lost
CUST00809,2024-12-31,2024-12-31,1,706.0,0,0,5,1,1,New Customers
CUST00810,2024-12-04,2024-12-04,1,1573.38,27,0,3,1,1,Promising
CUST00811,2024-12-16,2024-12-16,1,1296.14,15,0,4,1,1,New Customers
CUST00812,2024-10-18,2024-11-27,2,1717.47,34,0,3,2,1,Promising
CUST00813,2024-11-02,2024-11-02,1,1253.28,59,0,2,1,1,Hibernating / Lost
CUST00814,2024-11-02,2024-12-18,3,3235.0200000000004,13,0,5,2,2,New Customers
CUST00815,2024-10-16,2024-12-23,3,2080.57,8,0,5,2,2,New Customers
CUST00816,2024-11-14,2024-11-14,1,936.49,47,0,2,1,1,Hibernating / Lost
CUST00817,2024-12-23,2024-12-23,1,1442.56,8,0,5,1,1,New Customers
CUST00818,2024-11-23,2024-11-23,1,1191.42,38,0,3,1,1,Promising
CUST00819,2024-11-06,2024-12-16,2,1770.8400000000001,15,0,4,2,1,New Customers
CUST00820,2024-11-16,2024-11-16,1,1443.94,45,0,3,1,1,Promising
CUST00821,2024-11-02,2024-11-30,2,1911.64,31,0,3,2,1,Promising
CUST00822,2024-10-02,2024-10-23,2,2293.9700000000003,69,0,2,2,2,Hibernating / Lost
CUST00823,2024-11-29,2024-11-29,1,746.89,32,0,3,1,1,Promising
CUST00824,2024-10-16,2024-11-13,2,1181.31,48,0,2,2,1,Hibernating / Lost
CUST00825,2024-10-03,2024-11-08,2,1821.1799999999998,53,0,2,2,1,Hibernating / Lost
CUST00826,2024-11-15,2024-12-19,2,1814.21,12,0,5,2,1,New Customers
CUST00827,2024-12-02,2024-12-02,1,723.57,29,0,3,1,1,Promising
CUST00828,2024-10-30,2024-11-19,2,2822.98,42,0,3,2,2,Promising
CUST00829,2024-12-03,2024-12-03,1,662.65,28,0,3,1,1,Promising
CUST00830,2024-12-06,2024-12-29,2,2241.98,2,0,5,2,2,New Customers
CUST00831,2024-12-07,2024-12-07,1,1227.89,24,0,4,1,1,New Customers
CUST00832,2024-12-25,2024-12-25,1,1359.35,6,0,5,1,1,New Customers
CUST00833,2024-11-22,2024-11-22,1,475.56,39,0,3,1,1,Promising
CUST00834,2024-11-01,2024-11-28,2,2011.8,33,0,3,2,1,Promising
CUST00835,2024-12-12,2024-12-12,1,1089.3,19,0,4,1,1,New Customers
CUST00836,2024-10-25,2024-12-20,3,2193.34,11,0,5,2,2,New Customers
CUST00837,2024-12-11,2024-12-31,2,2058.76,0,0,5,2,2,New Customers
CUST00838,2024-10-15,2024-11-28,2,1677.43,33,0,3,2,1,Promising
CUST00839,2024-11-05,2024-12-07,2,1843.1599999999999,24,0,4,2,1,New Customers
CUST00840,2024-12-13,2024-12-13,1,828.27,18,0,4,1,1,New Customers
CUST00841,2024-12-01,2024-12-28,2,1425.1799999999998,3,0,5,2,1,New Customers
CUST00842,2024-11-16,2024-12-23,2,2110.83,8,0,5,2,2,New Customers
CUST00843,2024-11-26,2024-12-18,2,943.5500000000001,13,0,5,2,1,New Customers
CUST00844,2024-10-31,2024-11-26,2,2400.3599999999997,35,0,3,2,2,Promising
CUST00845,2024-10-11,2024-10-11,1,1217.15,81,0,2,1,1,Hibernating / Lost
CUST00846,2024-11-27,2024-11-27,1,562.87,34,0,3,1,1,Promising
CUST00847,2024-10-29,2024-10-29,1,845.05,63,0,2,1,1,Hibernating / Lost
CUST00848,2024-11-03,2024-11-03,1,1501.84,58,0,2,1,1,Hibernating / Lost
CUST00849,2024-10-17,2024-11-20,2,2643.34,41,0,3,2,2,Promising
CUST00850,2024-11-14,2024-11-14,1,1134.13,47,0,2,1,1,Hibernating / Lost
CUST00851,2024-11-03,2024-12-13,2,2570.2,18,0,4,2,2,New Customers
CUST00852,2024-10-07,2024-11-13,2,1827.25,48,0,2,2,1,Hibernating / Lost
CUST00853,2024-12-30,2024-12-30,1,407.63,1,0,5,1,1,New Customers
CUST00854,2024-10-29,2024-11-21,2,1971.41,40,0,3,2,1,Promising
CUST00855,2024-10-31,2024-12-03,2,1968.8500000000001,28,0,3,2,1,Promising
CUST00856,2024-11-28,2024-12-18,2,2521.8100000000004,13,0,5,2,2,New Customers
CUST00857,2024-12-14,2024-12-14,1,1200.76,17,0,4,1,1,New Customers
CUST00858,2024-10-24,2024-10-24,1,681.06,68,0,2,1,1,Hibernating / Lost
CUST00859,2024-10-24,2024-10-24,1,1392.73,68,0,2,1,1,Hibernating / Lost
CUST00860,2024-10-18,2024-11-28,2,1892.3899999999999,33,0,3,2,1,Promising
CUST00861,2024-10-19,2024-10-19,1,541.45,73,0,2,1,1,Hibernating / Lost
CUST00862,2024-10-28,2024-12-11,2,1912.07,20,0,4,2,1,New Customers
CUST00863,2024-11-26,2024-11-26,1,1225.5,35,0,3,1,1,Promising
CUST00864,2024-12-01,2024-12-01,1,409.15,30,0,3,1,1,Promising
CUST00865,2024-10-06,2024-12-22,3,1729.38,9,0,5,2,1,New Customers
CUST00866,2024-10-21,2024-11-17,2,1769.7600000000002,44,0,3,2,1,Promising
CUST00867,2024-11-05,2024-12-12,2,2484.8999999999996,19,0,4,2,2,New Customers
CUST00868,2024-12-16,2024-12-16,1,1581.29,15,0,4,1,1,New Customers
CUST00869,2024-10-22,2024-11-29,2,1698.13,32,0,3,2,1,Promising
CUST00870,2024-11-25,2024-11-25,1,1133.14,36,0,3,1,1,Promising
CUST00871,2024-11-27,2024-11-27,1,778.88,34,0,3,1,1,Promising
CUST00872,2024-10-29,2024-12-17,3,2844.11,14,0,4,2,2,New Customers
CUST00873,2024-11-30,2024-11-30,1,1449.67,31,0,3,1,1,Promising
CUST00874,2024-12-29,2024-12-29,1,1481.0,2,0,5,1,1,New Customers
CUST00875,2024-12-30,2024-12-30,1,1539.48,1,0,5,1,1,New Customers
CUST00876,2024-12-12,2024-12-12,1,873.53,19,0,4,1,1,New Customers
CUST00877,2024-12-15,2024-12-15,1,1285.13,16,0,4,1,1,New Customers
CUST00878,2024-10-08,2024-12-01,3,3464.08,30,0,3,2,2,Promising
CUST00879,2024-12-18,2024-12-18,1,1461.31,13,0,5,1,1,New Customers
CUST00880,2024-12-09,2024-12-09,1,500.28,22,0,4,1,1,New Customers
CUST00881,2024-12-09,2024-12-09,1,711.59,22,0,4,1,1,New Customers
CUST00882,2024-12-11,2024-12-11,1,1393.73,20,0,4,1,1,New Customers
CUST00883,2024-11-25,2024-12-21,2,1987.94,10,0,5,2,1,New Customers
CUST00884,2024-10-30,2024-12-05,2,1740.8899999999999,26,0,3,2,1,Promising
CUST00885,2024-10-11,2024-11-17,2,1761.29,44,0,3,2,1,Promising
CUST00886,2024-11-12,2024-12-10,2,2188.8599999999997,21,0,4,2,2,New Customers
CUST00887,2024-10-05,2024-10-05,1,1318.58,87,0,2,1,1,Hibernating / Lost
CUST00888,2024-10-05,2024-12-11,3,3283.77,20,0,4,2,2,New Customers
CUST00889,2024-12-22,2024-12-22,1,497.28,9,0,5,1,1,New Customers
CUST00890,2024-10-26,2024-11-18,2,2470.48,43,0,3,2,2,Promising
CUST00891,2024-12-23,2024-12-23,1,468.7,8,0,5,1,1,New Customers
CUST00892,2024-12-18,2024-12-18,1,1263.07,13,0,5,1,1,New Customers
CUST00893,2024-11-11,2024-12-26,2,2703.72,5,0,5,2,2,New Customers
CUST00894,2024-11-08,2024-11-30,2,1767.89,31,0,3,2,1,Promising
CUST00895,2024-12-17,2024-12-17,1,1091.66,14,0,4,1,1,New Customers
CUST00896,2024-11-07,2024-12-21,2,1518.5900000000001,10,0,5,2,1,New Customers
CUST00897,2024-11-07,2024-11-28,2,1922.93,33,0,3,2,1,Promising
CUST00898,2024-10-07,2024-11-17,3,1777.96,44,0,3,2,1,Promising
CUST00899,2024-11-02,2024-12-02,2,1320.85,29,0,3,2,1,Promising
CUST00900,2024-12-07,2024-12-07,1,1036.04,24,0,4,1,1,New Customers
CUST00901,2024-01-22,2024-01-22,1,818.76,344,1,1,1,1,Hibernating / Lost
CUST00902,2023-06-02,2023-06-02,1,1425.7,578,1,1,1,1,Hibernating / Lost
CUST00903,2023-11-26,2023-11-26,1,1754.91,401,1,1,1,1,Hibernating / Lost
CUST00904,2024-01-10,2024-01-10,1,2107.47,356,1,1,1,2,Hibernating / Lost
CUST00905,2024-08-13,2024-08-13,1,1905.12,140,0,2,1,1,Hibernating / Lost
CUST00906,2024-07-19,2024-07-19,1,1675.04,165,0,2,1,1,Hibernating / Lost
CUST00907,2023-02-24,2023-02-24,1,757.42,676,1,1,1,1,Hibernating / Lost
CUST00908,2024-02-25,2024-02-25,1,1659.8,310,1,1,1,1,Hibernating / Lost
CUST00909,2023-01-18,2023-01-18,1,576.69,713,1,1,1,1,Hibernating / Lost
CUST00910,2023-03-04,2023-03-04,1,2064.39,668,1,1,1,2,Hibernating / Lost
CUST00911,2023-05-06,2023-05-06,1,856.19,605,1,1,1,1,Hibernating / Lost
CUST00912,2024-06-25,2024-06-25,1,2258.45,189,1,2,1,2,Hibernating / Lost
CUST00913,2024-06-25,2024-06-25,1,875.54,189,1,2,1,1,Hibernating / Lost
CUST00914,2023-09-22,2023-09-22,1,1504.45,466,1,1,1,1,Hibernating / Lost
CUST00915,2024-04-30,2024-04-30,1,2237.0,245,1,2,1,2,Hibernating / Lost
CUST00916,2023-09-12,2023-09-12,1,1131.79,476,1,1,1,1,Hibernating / Lost
CUST00917,2023-07-12,2023-07-12,1,1179.36,538,1,1,1,1,Hibernating / Lost
CUST00918,2023-09-06,2023-09-06,1,1780.6,482,1,1,1,1,Hibernating / Lost
CUST00919,2023-05-25,2023-05-25,1,1661.96,586,1,1,1,1,Hibernating / Lost
CUST00920,2023-10-30,2023-10-30,1,1447.79,428,1,1,1,1,Hibernating / Lost
CUST00921,2024-10-22,2024-10-22,1,1196.81,70,0,2,1,1,Hibernating / Lost
CUST00922,2023-06-12,2023-06-12,1,833.98,568,1,1,1,1,Hibernating / Lost
CUST00923,2024-03-05,2024-03-05,1,1110.16,301,1,1,1,1,Hibernating / Lost
CUST00924,2024-06-25,2024-06-25,1,770.52,189,1,2,1,1,Hibernating / Lost
CUST00925,2023-11-14,2023-11-14,1,480.77,413,1,1,1,1,Hibernating / Lost
CUST00926,2023-02-11,2023-02-11,1,941.58,689,1,1,1,1,Hibernating / Lost
CUST00927,2024-10-08,2024-10-08,1,644.68,84,0,2,1,1,Hibernating / Lost
CUST00928,2024-01-18,2024-01-18,1,2205.8,348,1,1,1,2,Hibernating / Lost
CUST00929,2023-02-13,2023-02-13,1,1187.21,687,1,1,1,1,Hibernating / Lost
CUST00930,2023-08-23,2023-08-23,1,1047.85,496,1,1,1,1,Hibernating / Lost
CUST00931,2024-11-30,2024-11-30,1,946.43,31,0,3,1,1,Promising
CUST00932,2023-01-24,2023-01-24,1,1333.63,707,1,1,1,1,Hibernating / Lost
CUST00933,2023-11-12,2023-11-12,1,2042.61,415,1,1,1,2,Hibernating / Lost
CUST00934,2023-10-25,2023-10-25,1,1998.48,433,1,1,1,1,Hibernating / Lost
CUST00935,2023-04-22,2023-04-22,1,831.18,619,1,1,1,1,Hibernating / Lost
CUST00936,2024-05-27,2024-05-27,1,2126.91,218,1,2,1,2,Hibernating / Lost
CUST00937,2023-10-10,2023-10-10,1,1896.09,448,1,1,1,1,Hibernating / Lost
CUST00938,2023-05-18,2023-05-18,1,1642.21,593,1,1,1,1,Hibernating / Lost
CUST00939,2023-03-05,2023-03-05,1,382.59,667,1,1,1,1,Hibernating / Lost
CUST00940,2024-10-16,2024-10-16,1,2484.88,76,0,2,1,2,Hibernating / Lost
CUST00941,2023-10-26,2023-10-26,1,750.21,432,1,1,1,1,Hibernating / Lost
CUST00942,2023-08-10,2023-08-10,1,2433.41,509,1,1,1,2,Hibernating / Lost
CUST00943,2023-12-30,2023-12-30,1,2122.76,367,1,1,1,2,Hibernating / Lost
CUST00944,2023-09-21,2023-09-21,1,2243.66,467,1,1,1,2,Hibernating / Lost
CUST00945,2023-05-06,2023-05-06,1,1902.59,605,1,1,1,1,Hibernating / Lost
CUST00946,2023-05-25,2023-05-25,1,498.13,586,1,1,1,1,Hibernating / Lost
CUST00947,2024-09-06,2024-09-06,1,1457.67,116,0,2,1,1,Hibernating / Lost
CUST00948,2023-05-07,2023-05-07,1,1634.2,604,1,1,1,1,Hibernating / Lost
CUST00949,2023-07-23,2023-07-23,1,1605.3,527,1,1,1,1,Hibernating / Lost
CUST00950,2024-10-08,2024-10-08,1,1383.68,84,0,2,1,1,Hibernating / Lost
CUST00951,2023-05-18,2023-05-18,1,1716.86,593,1,1,1,1,Hibernating / Lost
CUST00952,2023-08-20,2023-08-20,1,2241.24,499,1,1,1,2,Hibernating / Lost
CUST00953,2023-02-05,2023-02-05,1,2403.66,695,1,1,1,2,Hibernating / Lost
CUST00954,2024-09-18,2024-09-18,1,1968.48,104,0,2,1,1,Hibernating / Lost
CUST00955,2023-12-02,2023-12-02,1,509.68,395,1,1,1,1,Hibernating / Lost
CUST00956,2024-05-27,2024-05-27,1,2013.61,218,1,2,1,1,Hibernating / Lost
CUST00957,2024-06-21,2024-06-21,1,323.48,193,1,2,1,1,Hibernating / Lost
CUST00958,2023-07-09,2023-07-09,1,2104.77,541,1,1,1,2,Hibernating / Lost
CUST00959,2023-01-31,2023-01-31,1,1036.09,700,1,1,1,1,Hibernating / Lost
CUST00960,2024-02-29,2024-02-29,1,1509.43,306,1,1,1,1,Hibernating / Lost
CUST00961,2024-09-03,2024-09-03,1,837.65,119,0,2,1,1,Hibernating / Lost
CUST00962,2024-01-22,2024-01-22,1,1339.0,344,1,1,1,1,Hibernating / Lost
CUST00963,2024-05-24,2024-05-24,1,1904.37,221,1,2,1,1,Hibernating / Lost
CUST00964,2024-09-02,2024-09-02,1,2412.81,120,0,2,1,2,Hibernating / Lost
CUST00965,2024-03-01,2024-03-01,1,2241.02,305,1,1,1,2,Hibernating / Lost
CUST00966,2024-11-27,2024-11-27,1,1161.88,34,0,3,1,1,Promising
CUST00967,2024-09-16,2024-09-16,1,594.64,106,0,2,1,1,Hibernating / Lost
CUST00968,2023-03-01,2023-03-01,1,984.7,671,1,1,1,1,Hibernating / Lost
CUST00969,2023-03-14,2023-03-14,1,2215.85,658,1,1,1,2,Hibernating / Lost
CUST00970,2024-10-16,2024-10-16,1,539.48,76,0,2,1,1,Hibernating / Lost
CUST00971,2023-10-27,2023-10-27,1,808.97,431,1,1,1,1,Hibernating / Lost
CUST00972,2024-06-26,2024-06-26,1,1054.49,188,1,2,1,1,Hibernating / Lost
CUST00973,2023-01-28,2023-01-28,1,1964.35,703,1,1,1,1,Hibernating / Lost
CUST00974,2024-02-22,2024-02-22,1,675.32,313,1,1,1,1,Hibernating / Lost
CUST00975,2023-06-11,2023-06-11,1,1634.45,569,1,1,1,1,Hibernating / Lost
CUST00976,2024-06-01,2024-06-01,1,461.7,213,1,2,1,1,Hibernating / Lost
CUST00977,2024-04-07,2024-04-07,1,1037.42,268,1,2,1,1,Hibernating / Lost
CUST00978,2024-03-04,2024-03-04,1,502.89,302,1,1,1,1,Hibernating / Lost
CUST00979,2023-02-07,2023-02-07,1,586.12,693,1,1,1,1,Hibernating / Lost
CUST00980,2024-07-02,2024-07-02,1,2369.47,182,1,2,1,2,Hibernating / Lost
CUST00981,2023-02-13,2023-02-13,1,1687.05,687,1,1,1,1,Hibernating / Lost
CUST00982,2023-12-12,2023-12-12,1,1383.23,385,1,1,1,1,Hibernating / Lost
CUST00983,2024-02-09,2024-02-09,1,1257.82,326,1,1,1,1,Hibernating / Lost
CUST00984,2023-02-17,2023-02-17,1,556.33,683,1,1,1,1,Hibernating / Lost
CUST00985,2023-05-12,2023-05-12,1,2016.67,599,1,1,1,2,Hibernating / Lost
CUST00986,2023-01-19,2023-01-19,1,2376.47,712,1,1,1,2,Hibernating / Lost
CUST00987,2023-02-26,2023-02-26,1,1094.91,674,1,1,1,1,Hibernating / Lost
CUST00988,2024-02-12,2024-02-12,1,2099.98,323,1,1,1,2,Hibernating / Lost
CUST00989,2023-01-28,2023-01-28,1,638.78,703,1,1,1,1,Hibernating / Lost
CUST00990,2024-04-11,2024-04-11,1,1004.83,264,1,2,1,1,Hibernating / Lost
CUST00991,2023-08-06,2023-08-06,1,2396.13,513,1,1,1,2,Hibernating / Lost
CUST00992,2023-08-12,2023-08-12,1,2274.49,507,1,1,1,2,Hibernating / Lost
CUST00993,2023-12-31,2023-12-31,1,2098.27,366,1,1,1,2,Hibernating / Lost
CUST00994,2024-06-05,2024-06-05,1,1259.73,209,1,2,1,1,Hibernating / Lost
CUST00995,2023-04-22,2023-04-22,1,1678.03,619,1,1,1,1,Hibernating / Lost
CUST00996,2024-05-11,2024-05-11,1,1978.71,234,1,2,1,1,Hibernating / Lost
CUST00997,2024-10-21,2024-10-21,1,1666.59,71,0,2,1,1,Hibernating / Lost
CUST00998,2024-06-21,2024-06-21,1,938.88,193,1,2,1,1,Hibernating / Lost
CUST00999,2023-02-11,2023-02-11,1,832.62,689,1,1,1,1,Hibernating / Lost
CUST01000,2024-07-21,2024-07-21,1,2046.39,163,0,2,1,2,Hibernating / Lost
